route_name,img_name,x_m,y_m,z_m,heading
full_grid,rgb_0000.png,-0.35,-0.453,0.43,180
full_grid,rgb_0001.png,-0.32437499999999997,-0.453,0.43,180
full_grid,rgb_0002.png,-0.29874999999999996,-0.453,0.43,180
full_grid,rgb_0003.png,-0.27312499999999995,-0.453,0.43,180
full_grid,rgb_0004.png,-0.24749999999999997,-0.453,0.43,180
full_grid,rgb_0005.png,-0.22187499999999996,-0.453,0.43,180
full_grid,rgb_0006.png,-0.19625,-0.453,0.43,180
full_grid,rgb_0007.png,-0.170625,-0.453,0.43,180
full_grid,rgb_0008.png,-0.145,-0.453,0.43,180
full_grid,rgb_0009.png,-0.11937499999999998,-0.453,0.43,180
full_grid,rgb_0010.png,-0.09374999999999997,-0.453,0.43,180
full_grid,rgb_0011.png,-0.06812499999999996,-0.453,0.43,180
full_grid,rgb_0012.png,-0.04250000000000001,-0.453,0.43,180
full_grid,rgb_0013.png,-0.016875,-0.453,0.43,180
full_grid,rgb_0014.png,0.008750000000000008,-0.453,0.43,180
full_grid,rgb_0015.png,0.03437500000000002,-0.453,0.43,180
full_grid,rgb_0016.png,0.060000000000000026,-0.453,0.43,180
full_grid,rgb_0017.png,0.08562500000000003,-0.453,0.43,180
full_grid,rgb_0018.png,0.11125000000000004,-0.453,0.43,180
full_grid,rgb_0019.png,0.13687500000000005,-0.453,0.43,180
full_grid,rgb_0020.png,0.16250000000000006,-0.453,0.43,180
full_grid,rgb_0021.png,0.18812500000000007,-0.453,0.43,180
full_grid,rgb_0022.png,0.21375000000000008,-0.453,0.43,180
full_grid,rgb_0023.png,0.2393750000000001,-0.453,0.43,180
full_grid,rgb_0024.png,0.265,-0.453,0.43,180
full_grid,rgb_0025.png,0.290625,-0.453,0.43,180
full_grid,rgb_0026.png,0.31625000000000003,-0.453,0.43,180
full_grid,rgb_0027.png,0.34187500000000004,-0.453,0.43,180
full_grid,rgb_0028.png,0.36750000000000005,-0.453,0.43,180
full_grid,rgb_0029.png,0.39312500000000006,-0.453,0.43,180
full_grid,rgb_0030.png,0.41875000000000007,-0.453,0.43,180
full_grid,rgb_0031.png,0.4443750000000001,-0.453,0.43,180
full_grid,rgb_0032.png,0.47,-0.453,0.43,180
full_grid,rgb_0033.png,-0.35,-0.428,0.43,180
full_grid,rgb_0034.png,-0.32437499999999997,-0.428,0.43,180
full_grid,rgb_0035.png,-0.29874999999999996,-0.428,0.43,180
full_grid,rgb_0036.png,-0.27312499999999995,-0.428,0.43,180
full_grid,rgb_0037.png,-0.24749999999999997,-0.428,0.43,180
full_grid,rgb_0038.png,-0.22187499999999996,-0.428,0.43,180
full_grid,rgb_0039.png,-0.19625,-0.428,0.43,180
full_grid,rgb_0040.png,-0.170625,-0.428,0.43,180
full_grid,rgb_0041.png,-0.145,-0.428,0.43,180
full_grid,rgb_0042.png,-0.11937499999999998,-0.428,0.43,180
full_grid,rgb_0043.png,-0.09374999999999997,-0.428,0.43,180
full_grid,rgb_0044.png,-0.06812499999999996,-0.428,0.43,180
full_grid,rgb_0045.png,-0.04250000000000001,-0.428,0.43,180
full_grid,rgb_0046.png,-0.016875,-0.428,0.43,180
full_grid,rgb_0047.png,0.008750000000000008,-0.428,0.43,180
full_grid,rgb_0048.png,0.03437500000000002,-0.428,0.43,180
full_grid,rgb_0049.png,0.060000000000000026,-0.428,0.43,180
full_grid,rgb_0050.png,0.08562500000000003,-0.428,0.43,180
full_grid,rgb_0051.png,0.11125000000000004,-0.428,0.43,180
full_grid,rgb_0052.png,0.13687500000000005,-0.428,0.43,180
full_grid,rgb_0053.png,0.16250000000000006,-0.428,0.43,180
full_grid,rgb_0054.png,0.18812500000000007,-0.428,0.43,180
full_grid,rgb_0055.png,0.21375000000000008,-0.428,0.43,180
full_grid,rgb_0056.png,0.2393750000000001,-0.428,0.43,180
full_grid,rgb_0057.png,0.265,-0.428,0.43,180
full_grid,rgb_0058.png,0.290625,-0.428,0.43,180
full_grid,rgb_0059.png,0.31625000000000003,-0.428,0.43,180
full_grid,rgb_0060.png,0.34187500000000004,-0.428,0.43,180
full_grid,rgb_0061.png,0.36750000000000005,-0.428,0.43,180
full_grid,rgb_0062.png,0.39312500000000006,-0.428,0.43,180
full_grid,rgb_0063.png,0.41875000000000007,-0.428,0.43,180
full_grid,rgb_0064.png,0.4443750000000001,-0.428,0.43,180
full_grid,rgb_0065.png,0.47,-0.428,0.43,180
full_grid,rgb_0066.png,-0.35,-0.403,0.43,180
full_grid,rgb_0067.png,-0.32437499999999997,-0.403,0.43,180
full_grid,rgb_0068.png,-0.29874999999999996,-0.403,0.43,180
full_grid,rgb_0069.png,-0.27312499999999995,-0.403,0.43,180
full_grid,rgb_0070.png,-0.24749999999999997,-0.403,0.43,180
full_grid,rgb_0071.png,-0.22187499999999996,-0.403,0.43,180
full_grid,rgb_0072.png,-0.19625,-0.403,0.43,180
full_grid,rgb_0073.png,-0.170625,-0.403,0.43,180
full_grid,rgb_0074.png,-0.145,-0.403,0.43,180
full_grid,rgb_0075.png,-0.11937499999999998,-0.403,0.43,180
full_grid,rgb_0076.png,-0.09374999999999997,-0.403,0.43,180
full_grid,rgb_0077.png,-0.06812499999999996,-0.403,0.43,180
full_grid,rgb_0078.png,-0.04250000000000001,-0.403,0.43,180
full_grid,rgb_0079.png,-0.016875,-0.403,0.43,180
full_grid,rgb_0080.png,0.008750000000000008,-0.403,0.43,180
full_grid,rgb_0081.png,0.03437500000000002,-0.403,0.43,180
full_grid,rgb_0082.png,0.060000000000000026,-0.403,0.43,180
full_grid,rgb_0083.png,0.08562500000000003,-0.403,0.43,180
full_grid,rgb_0084.png,0.11125000000000004,-0.403,0.43,180
full_grid,rgb_0085.png,0.13687500000000005,-0.403,0.43,180
full_grid,rgb_0086.png,0.16250000000000006,-0.403,0.43,180
full_grid,rgb_0087.png,0.18812500000000007,-0.403,0.43,180
full_grid,rgb_0088.png,0.21375000000000008,-0.403,0.43,180
full_grid,rgb_0089.png,0.2393750000000001,-0.403,0.43,180
full_grid,rgb_0090.png,0.265,-0.403,0.43,180
full_grid,rgb_0091.png,0.290625,-0.403,0.43,180
full_grid,rgb_0092.png,0.31625000000000003,-0.403,0.43,180
full_grid,rgb_0093.png,0.34187500000000004,-0.403,0.43,180
full_grid,rgb_0094.png,0.36750000000000005,-0.403,0.43,180
full_grid,rgb_0095.png,0.39312500000000006,-0.403,0.43,180
full_grid,rgb_0096.png,0.41875000000000007,-0.403,0.43,180
full_grid,rgb_0097.png,0.4443750000000001,-0.403,0.43,180
full_grid,rgb_0098.png,0.47,-0.403,0.43,180
full_grid,rgb_0099.png,-0.35,-0.378,0.43,180
full_grid,rgb_0100.png,-0.32437499999999997,-0.378,0.43,180
full_grid,rgb_0101.png,-0.29874999999999996,-0.378,0.43,180
full_grid,rgb_0102.png,-0.27312499999999995,-0.378,0.43,180
full_grid,rgb_0103.png,-0.24749999999999997,-0.378,0.43,180
full_grid,rgb_0104.png,-0.22187499999999996,-0.378,0.43,180
full_grid,rgb_0105.png,-0.19625,-0.378,0.43,180
full_grid,rgb_0106.png,-0.170625,-0.378,0.43,180
full_grid,rgb_0107.png,-0.145,-0.378,0.43,180
full_grid,rgb_0108.png,-0.11937499999999998,-0.378,0.43,180
full_grid,rgb_0109.png,-0.09374999999999997,-0.378,0.43,180
full_grid,rgb_0110.png,-0.06812499999999996,-0.378,0.43,180
full_grid,rgb_0111.png,-0.04250000000000001,-0.378,0.43,180
full_grid,rgb_0112.png,-0.016875,-0.378,0.43,180
full_grid,rgb_0113.png,0.008750000000000008,-0.378,0.43,180
full_grid,rgb_0114.png,0.03437500000000002,-0.378,0.43,180
full_grid,rgb_0115.png,0.060000000000000026,-0.378,0.43,180
full_grid,rgb_0116.png,0.08562500000000003,-0.378,0.43,180
full_grid,rgb_0117.png,0.11125000000000004,-0.378,0.43,180
full_grid,rgb_0118.png,0.13687500000000005,-0.378,0.43,180
full_grid,rgb_0119.png,0.16250000000000006,-0.378,0.43,180
full_grid,rgb_0120.png,0.18812500000000007,-0.378,0.43,180
full_grid,rgb_0121.png,0.21375000000000008,-0.378,0.43,180
full_grid,rgb_0122.png,0.2393750000000001,-0.378,0.43,180
full_grid,rgb_0123.png,0.265,-0.378,0.43,180
full_grid,rgb_0124.png,0.290625,-0.378,0.43,180
full_grid,rgb_0125.png,0.31625000000000003,-0.378,0.43,180
full_grid,rgb_0126.png,0.34187500000000004,-0.378,0.43,180
full_grid,rgb_0127.png,0.36750000000000005,-0.378,0.43,180
full_grid,rgb_0128.png,0.39312500000000006,-0.378,0.43,180
full_grid,rgb_0129.png,0.41875000000000007,-0.378,0.43,180
full_grid,rgb_0130.png,0.4443750000000001,-0.378,0.43,180
full_grid,rgb_0131.png,0.47,-0.378,0.43,180
full_grid,rgb_0132.png,-0.35,-0.353,0.43,180
full_grid,rgb_0133.png,-0.32437499999999997,-0.353,0.43,180
full_grid,rgb_0134.png,-0.29874999999999996,-0.353,0.43,180
full_grid,rgb_0135.png,-0.27312499999999995,-0.353,0.43,180
full_grid,rgb_0136.png,-0.24749999999999997,-0.353,0.43,180
full_grid,rgb_0137.png,-0.22187499999999996,-0.353,0.43,180
full_grid,rgb_0138.png,-0.19625,-0.353,0.43,180
full_grid,rgb_0139.png,-0.170625,-0.353,0.43,180
full_grid,rgb_0140.png,-0.145,-0.353,0.43,180
full_grid,rgb_0141.png,-0.11937499999999998,-0.353,0.43,180
full_grid,rgb_0142.png,-0.09374999999999997,-0.353,0.43,180
full_grid,rgb_0143.png,-0.06812499999999996,-0.353,0.43,180
full_grid,rgb_0144.png,-0.04250000000000001,-0.353,0.43,180
full_grid,rgb_0145.png,-0.016875,-0.353,0.43,180
full_grid,rgb_0146.png,0.008750000000000008,-0.353,0.43,180
full_grid,rgb_0147.png,0.03437500000000002,-0.353,0.43,180
full_grid,rgb_0148.png,0.060000000000000026,-0.353,0.43,180
full_grid,rgb_0149.png,0.08562500000000003,-0.353,0.43,180
full_grid,rgb_0150.png,0.11125000000000004,-0.353,0.43,180
full_grid,rgb_0151.png,0.13687500000000005,-0.353,0.43,180
full_grid,rgb_0152.png,0.16250000000000006,-0.353,0.43,180
full_grid,rgb_0153.png,0.18812500000000007,-0.353,0.43,180
full_grid,rgb_0154.png,0.21375000000000008,-0.353,0.43,180
full_grid,rgb_0155.png,0.2393750000000001,-0.353,0.43,180
full_grid,rgb_0156.png,0.265,-0.353,0.43,180
full_grid,rgb_0157.png,0.290625,-0.353,0.43,180
full_grid,rgb_0158.png,0.31625000000000003,-0.353,0.43,180
full_grid,rgb_0159.png,0.34187500000000004,-0.353,0.43,180
full_grid,rgb_0160.png,0.36750000000000005,-0.353,0.43,180
full_grid,rgb_0161.png,0.39312500000000006,-0.353,0.43,180
full_grid,rgb_0162.png,0.41875000000000007,-0.353,0.43,180
full_grid,rgb_0163.png,0.4443750000000001,-0.353,0.43,180
full_grid,rgb_0164.png,0.47,-0.353,0.43,180
full_grid,rgb_0165.png,-0.35,-0.328,0.43,180
full_grid,rgb_0166.png,-0.32437499999999997,-0.328,0.43,180
full_grid,rgb_0167.png,-0.29874999999999996,-0.328,0.43,180
full_grid,rgb_0168.png,-0.27312499999999995,-0.328,0.43,180
full_grid,rgb_0169.png,-0.24749999999999997,-0.328,0.43,180
full_grid,rgb_0170.png,-0.22187499999999996,-0.328,0.43,180
full_grid,rgb_0171.png,-0.19625,-0.328,0.43,180
full_grid,rgb_0172.png,-0.170625,-0.328,0.43,180
full_grid,rgb_0173.png,-0.145,-0.328,0.43,180
full_grid,rgb_0174.png,-0.11937499999999998,-0.328,0.43,180
full_grid,rgb_0175.png,-0.09374999999999997,-0.328,0.43,180
full_grid,rgb_0176.png,-0.06812499999999996,-0.328,0.43,180
full_grid,rgb_0177.png,-0.04250000000000001,-0.328,0.43,180
full_grid,rgb_0178.png,-0.016875,-0.328,0.43,180
full_grid,rgb_0179.png,0.008750000000000008,-0.328,0.43,180
full_grid,rgb_0180.png,0.03437500000000002,-0.328,0.43,180
full_grid,rgb_0181.png,0.060000000000000026,-0.328,0.43,180
full_grid,rgb_0182.png,0.08562500000000003,-0.328,0.43,180
full_grid,rgb_0183.png,0.11125000000000004,-0.328,0.43,180
full_grid,rgb_0184.png,0.13687500000000005,-0.328,0.43,180
full_grid,rgb_0185.png,0.16250000000000006,-0.328,0.43,180
full_grid,rgb_0186.png,0.18812500000000007,-0.328,0.43,180
full_grid,rgb_0187.png,0.21375000000000008,-0.328,0.43,180
full_grid,rgb_0188.png,0.2393750000000001,-0.328,0.43,180
full_grid,rgb_0189.png,0.265,-0.328,0.43,180
full_grid,rgb_0190.png,0.290625,-0.328,0.43,180
full_grid,rgb_0191.png,0.31625000000000003,-0.328,0.43,180
full_grid,rgb_0192.png,0.34187500000000004,-0.328,0.43,180
full_grid,rgb_0193.png,0.36750000000000005,-0.328,0.43,180
full_grid,rgb_0194.png,0.39312500000000006,-0.328,0.43,180
full_grid,rgb_0195.png,0.41875000000000007,-0.328,0.43,180
full_grid,rgb_0196.png,0.4443750000000001,-0.328,0.43,180
full_grid,rgb_0197.png,0.47,-0.328,0.43,180
full_grid,rgb_0198.png,-0.35,-0.303,0.43,180
full_grid,rgb_0199.png,-0.32437499999999997,-0.303,0.43,180
full_grid,rgb_0200.png,-0.29874999999999996,-0.303,0.43,180
full_grid,rgb_0201.png,-0.27312499999999995,-0.303,0.43,180
full_grid,rgb_0202.png,-0.24749999999999997,-0.303,0.43,180
full_grid,rgb_0203.png,-0.22187499999999996,-0.303,0.43,180
full_grid,rgb_0204.png,-0.19625,-0.303,0.43,180
full_grid,rgb_0205.png,-0.170625,-0.303,0.43,180
full_grid,rgb_0206.png,-0.145,-0.303,0.43,180
full_grid,rgb_0207.png,-0.11937499999999998,-0.303,0.43,180
full_grid,rgb_0208.png,-0.09374999999999997,-0.303,0.43,180
full_grid,rgb_0209.png,-0.06812499999999996,-0.303,0.43,180
full_grid,rgb_0210.png,-0.04250000000000001,-0.303,0.43,180
full_grid,rgb_0211.png,-0.016875,-0.303,0.43,180
full_grid,rgb_0212.png,0.008750000000000008,-0.303,0.43,180
full_grid,rgb_0213.png,0.03437500000000002,-0.303,0.43,180
full_grid,rgb_0214.png,0.060000000000000026,-0.303,0.43,180
full_grid,rgb_0215.png,0.08562500000000003,-0.303,0.43,180
full_grid,rgb_0216.png,0.11125000000000004,-0.303,0.43,180
full_grid,rgb_0217.png,0.13687500000000005,-0.303,0.43,180
full_grid,rgb_0218.png,0.16250000000000006,-0.303,0.43,180
full_grid,rgb_0219.png,0.18812500000000007,-0.303,0.43,180
full_grid,rgb_0220.png,0.21375000000000008,-0.303,0.43,180
full_grid,rgb_0221.png,0.2393750000000001,-0.303,0.43,180
full_grid,rgb_0222.png,0.265,-0.303,0.43,180
full_grid,rgb_0223.png,0.290625,-0.303,0.43,180
full_grid,rgb_0224.png,0.31625000000000003,-0.303,0.43,180
full_grid,rgb_0225.png,0.34187500000000004,-0.303,0.43,180
full_grid,rgb_0226.png,0.36750000000000005,-0.303,0.43,180
full_grid,rgb_0227.png,0.39312500000000006,-0.303,0.43,180
full_grid,rgb_0228.png,0.41875000000000007,-0.303,0.43,180
full_grid,rgb_0229.png,0.4443750000000001,-0.303,0.43,180
full_grid,rgb_0230.png,0.47,-0.303,0.43,180
full_grid,rgb_0231.png,-0.35,-0.278,0.43,180
full_grid,rgb_0232.png,-0.32437499999999997,-0.278,0.43,180
full_grid,rgb_0233.png,-0.29874999999999996,-0.278,0.43,180
full_grid,rgb_0234.png,-0.27312499999999995,-0.278,0.43,180
full_grid,rgb_0235.png,-0.24749999999999997,-0.278,0.43,180
full_grid,rgb_0236.png,-0.22187499999999996,-0.278,0.43,180
full_grid,rgb_0237.png,-0.19625,-0.278,0.43,180
full_grid,rgb_0238.png,-0.170625,-0.278,0.43,180
full_grid,rgb_0239.png,-0.145,-0.278,0.43,180
full_grid,rgb_0240.png,-0.11937499999999998,-0.278,0.43,180
full_grid,rgb_0241.png,-0.09374999999999997,-0.278,0.43,180
full_grid,rgb_0242.png,-0.06812499999999996,-0.278,0.43,180
full_grid,rgb_0243.png,-0.04250000000000001,-0.278,0.43,180
full_grid,rgb_0244.png,-0.016875,-0.278,0.43,180
full_grid,rgb_0245.png,0.008750000000000008,-0.278,0.43,180
full_grid,rgb_0246.png,0.03437500000000002,-0.278,0.43,180
full_grid,rgb_0247.png,0.060000000000000026,-0.278,0.43,180
full_grid,rgb_0248.png,0.08562500000000003,-0.278,0.43,180
full_grid,rgb_0249.png,0.11125000000000004,-0.278,0.43,180
full_grid,rgb_0250.png,0.13687500000000005,-0.278,0.43,180
full_grid,rgb_0251.png,0.16250000000000006,-0.278,0.43,180
full_grid,rgb_0252.png,0.18812500000000007,-0.278,0.43,180
full_grid,rgb_0253.png,0.21375000000000008,-0.278,0.43,180
full_grid,rgb_0254.png,0.2393750000000001,-0.278,0.43,180
full_grid,rgb_0255.png,0.265,-0.278,0.43,180
full_grid,rgb_0256.png,0.290625,-0.278,0.43,180
full_grid,rgb_0257.png,0.31625000000000003,-0.278,0.43,180
full_grid,rgb_0258.png,0.34187500000000004,-0.278,0.43,180
full_grid,rgb_0259.png,0.36750000000000005,-0.278,0.43,180
full_grid,rgb_0260.png,0.39312500000000006,-0.278,0.43,180
full_grid,rgb_0261.png,0.41875000000000007,-0.278,0.43,180
full_grid,rgb_0262.png,0.4443750000000001,-0.278,0.43,180
full_grid,rgb_0263.png,0.47,-0.278,0.43,180
full_grid,rgb_0264.png,-0.35,-0.253,0.43,180
full_grid,rgb_0265.png,-0.32437499999999997,-0.253,0.43,180
full_grid,rgb_0266.png,-0.29874999999999996,-0.253,0.43,180
full_grid,rgb_0267.png,-0.27312499999999995,-0.253,0.43,180
full_grid,rgb_0268.png,-0.24749999999999997,-0.253,0.43,180
full_grid,rgb_0269.png,-0.22187499999999996,-0.253,0.43,180
full_grid,rgb_0270.png,-0.19625,-0.253,0.43,180
full_grid,rgb_0271.png,-0.170625,-0.253,0.43,180
full_grid,rgb_0272.png,-0.145,-0.253,0.43,180
full_grid,rgb_0273.png,-0.11937499999999998,-0.253,0.43,180
full_grid,rgb_0274.png,-0.09374999999999997,-0.253,0.43,180
full_grid,rgb_0275.png,-0.06812499999999996,-0.253,0.43,180
full_grid,rgb_0276.png,-0.04250000000000001,-0.253,0.43,180
full_grid,rgb_0277.png,-0.016875,-0.253,0.43,180
full_grid,rgb_0278.png,0.008750000000000008,-0.253,0.43,180
full_grid,rgb_0279.png,0.03437500000000002,-0.253,0.43,180
full_grid,rgb_0280.png,0.060000000000000026,-0.253,0.43,180
full_grid,rgb_0281.png,0.08562500000000003,-0.253,0.43,180
full_grid,rgb_0282.png,0.11125000000000004,-0.253,0.43,180
full_grid,rgb_0283.png,0.13687500000000005,-0.253,0.43,180
full_grid,rgb_0284.png,0.16250000000000006,-0.253,0.43,180
full_grid,rgb_0285.png,0.18812500000000007,-0.253,0.43,180
full_grid,rgb_0286.png,0.21375000000000008,-0.253,0.43,180
full_grid,rgb_0287.png,0.2393750000000001,-0.253,0.43,180
full_grid,rgb_0288.png,0.265,-0.253,0.43,180
full_grid,rgb_0289.png,0.290625,-0.253,0.43,180
full_grid,rgb_0290.png,0.31625000000000003,-0.253,0.43,180
full_grid,rgb_0291.png,0.34187500000000004,-0.253,0.43,180
full_grid,rgb_0292.png,0.36750000000000005,-0.253,0.43,180
full_grid,rgb_0293.png,0.39312500000000006,-0.253,0.43,180
full_grid,rgb_0294.png,0.41875000000000007,-0.253,0.43,180
full_grid,rgb_0295.png,0.4443750000000001,-0.253,0.43,180
full_grid,rgb_0296.png,0.47,-0.253,0.43,180
full_grid,rgb_0297.png,-0.35,-0.228,0.43,180
full_grid,rgb_0298.png,-0.32437499999999997,-0.228,0.43,180
full_grid,rgb_0299.png,-0.29874999999999996,-0.228,0.43,180
full_grid,rgb_0300.png,-0.27312499999999995,-0.228,0.43,180
full_grid,rgb_0301.png,-0.24749999999999997,-0.228,0.43,180
full_grid,rgb_0302.png,-0.22187499999999996,-0.228,0.43,180
full_grid,rgb_0303.png,-0.19625,-0.228,0.43,180
full_grid,rgb_0304.png,-0.170625,-0.228,0.43,180
full_grid,rgb_0305.png,-0.145,-0.228,0.43,180
full_grid,rgb_0306.png,-0.11937499999999998,-0.228,0.43,180
full_grid,rgb_0307.png,-0.09374999999999997,-0.228,0.43,180
full_grid,rgb_0308.png,-0.06812499999999996,-0.228,0.43,180
full_grid,rgb_0309.png,-0.04250000000000001,-0.228,0.43,180
full_grid,rgb_0310.png,-0.016875,-0.228,0.43,180
full_grid,rgb_0311.png,0.008750000000000008,-0.228,0.43,180
full_grid,rgb_0312.png,0.03437500000000002,-0.228,0.43,180
full_grid,rgb_0313.png,0.060000000000000026,-0.228,0.43,180
full_grid,rgb_0314.png,0.08562500000000003,-0.228,0.43,180
full_grid,rgb_0315.png,0.11125000000000004,-0.228,0.43,180
full_grid,rgb_0316.png,0.13687500000000005,-0.228,0.43,180
full_grid,rgb_0317.png,0.16250000000000006,-0.228,0.43,180
full_grid,rgb_0318.png,0.18812500000000007,-0.228,0.43,180
full_grid,rgb_0319.png,0.21375000000000008,-0.228,0.43,180
full_grid,rgb_0320.png,0.2393750000000001,-0.228,0.43,180
full_grid,rgb_0321.png,0.265,-0.228,0.43,180
full_grid,rgb_0322.png,0.290625,-0.228,0.43,180
full_grid,rgb_0323.png,0.31625000000000003,-0.228,0.43,180
full_grid,rgb_0324.png,0.34187500000000004,-0.228,0.43,180
full_grid,rgb_0325.png,0.36750000000000005,-0.228,0.43,180
full_grid,rgb_0326.png,0.39312500000000006,-0.228,0.43,180
full_grid,rgb_0327.png,0.41875000000000007,-0.228,0.43,180
full_grid,rgb_0328.png,0.4443750000000001,-0.228,0.43,180
full_grid,rgb_0329.png,0.47,-0.228,0.43,180
full_grid,rgb_0330.png,-0.35,-0.203,0.43,180
full_grid,rgb_0331.png,-0.32437499999999997,-0.203,0.43,180
full_grid,rgb_0332.png,-0.29874999999999996,-0.203,0.43,180
full_grid,rgb_0333.png,-0.27312499999999995,-0.203,0.43,180
full_grid,rgb_0334.png,-0.24749999999999997,-0.203,0.43,180
full_grid,rgb_0335.png,-0.22187499999999996,-0.203,0.43,180
full_grid,rgb_0336.png,-0.19625,-0.203,0.43,180
full_grid,rgb_0337.png,-0.170625,-0.203,0.43,180
full_grid,rgb_0338.png,-0.145,-0.203,0.43,180
full_grid,rgb_0339.png,-0.11937499999999998,-0.203,0.43,180
full_grid,rgb_0340.png,-0.09374999999999997,-0.203,0.43,180
full_grid,rgb_0341.png,-0.06812499999999996,-0.203,0.43,180
full_grid,rgb_0342.png,-0.04250000000000001,-0.203,0.43,180
full_grid,rgb_0343.png,-0.016875,-0.203,0.43,180
full_grid,rgb_0344.png,0.008750000000000008,-0.203,0.43,180
full_grid,rgb_0345.png,0.03437500000000002,-0.203,0.43,180
full_grid,rgb_0346.png,0.060000000000000026,-0.203,0.43,180
full_grid,rgb_0347.png,0.08562500000000003,-0.203,0.43,180
full_grid,rgb_0348.png,0.11125000000000004,-0.203,0.43,180
full_grid,rgb_0349.png,0.13687500000000005,-0.203,0.43,180
full_grid,rgb_0350.png,0.16250000000000006,-0.203,0.43,180
full_grid,rgb_0351.png,0.18812500000000007,-0.203,0.43,180
full_grid,rgb_0352.png,0.21375000000000008,-0.203,0.43,180
full_grid,rgb_0353.png,0.2393750000000001,-0.203,0.43,180
full_grid,rgb_0354.png,0.265,-0.203,0.43,180
full_grid,rgb_0355.png,0.290625,-0.203,0.43,180
full_grid,rgb_0356.png,0.31625000000000003,-0.203,0.43,180
full_grid,rgb_0357.png,0.34187500000000004,-0.203,0.43,180
full_grid,rgb_0358.png,0.36750000000000005,-0.203,0.43,180
full_grid,rgb_0359.png,0.39312500000000006,-0.203,0.43,180
full_grid,rgb_0360.png,0.41875000000000007,-0.203,0.43,180
full_grid,rgb_0361.png,0.4443750000000001,-0.203,0.43,180
full_grid,rgb_0362.png,0.47,-0.203,0.43,180
full_grid,rgb_0363.png,-0.35,-0.178,0.43,180
full_grid,rgb_0364.png,-0.32437499999999997,-0.178,0.43,180
full_grid,rgb_0365.png,-0.29874999999999996,-0.178,0.43,180
full_grid,rgb_0366.png,-0.27312499999999995,-0.178,0.43,180
full_grid,rgb_0367.png,-0.24749999999999997,-0.178,0.43,180
full_grid,rgb_0368.png,-0.22187499999999996,-0.178,0.43,180
full_grid,rgb_0369.png,-0.19625,-0.178,0.43,180
full_grid,rgb_0370.png,-0.170625,-0.178,0.43,180
full_grid,rgb_0371.png,-0.145,-0.178,0.43,180
full_grid,rgb_0372.png,-0.11937499999999998,-0.178,0.43,180
full_grid,rgb_0373.png,-0.09374999999999997,-0.178,0.43,180
full_grid,rgb_0374.png,-0.06812499999999996,-0.178,0.43,180
full_grid,rgb_0375.png,-0.04250000000000001,-0.178,0.43,180
full_grid,rgb_0376.png,-0.016875,-0.178,0.43,180
full_grid,rgb_0377.png,0.008750000000000008,-0.178,0.43,180
full_grid,rgb_0378.png,0.03437500000000002,-0.178,0.43,180
full_grid,rgb_0379.png,0.060000000000000026,-0.178,0.43,180
full_grid,rgb_0380.png,0.08562500000000003,-0.178,0.43,180
full_grid,rgb_0381.png,0.11125000000000004,-0.178,0.43,180
full_grid,rgb_0382.png,0.13687500000000005,-0.178,0.43,180
full_grid,rgb_0383.png,0.16250000000000006,-0.178,0.43,180
full_grid,rgb_0384.png,0.18812500000000007,-0.178,0.43,180
full_grid,rgb_0385.png,0.21375000000000008,-0.178,0.43,180
full_grid,rgb_0386.png,0.2393750000000001,-0.178,0.43,180
full_grid,rgb_0387.png,0.265,-0.178,0.43,180
full_grid,rgb_0388.png,0.290625,-0.178,0.43,180
full_grid,rgb_0389.png,0.31625000000000003,-0.178,0.43,180
full_grid,rgb_0390.png,0.34187500000000004,-0.178,0.43,180
full_grid,rgb_0391.png,0.36750000000000005,-0.178,0.43,180
full_grid,rgb_0392.png,0.39312500000000006,-0.178,0.43,180
full_grid,rgb_0393.png,0.41875000000000007,-0.178,0.43,180
full_grid,rgb_0394.png,0.4443750000000001,-0.178,0.43,180
full_grid,rgb_0395.png,0.47,-0.178,0.43,180
full_grid,rgb_0396.png,-0.35,-0.15299999999999997,0.43,180
full_grid,rgb_0397.png,-0.32437499999999997,-0.15299999999999997,0.43,180
full_grid,rgb_0398.png,-0.29874999999999996,-0.15299999999999997,0.43,180
full_grid,rgb_0399.png,-0.27312499999999995,-0.15299999999999997,0.43,180
full_grid,rgb_0400.png,-0.24749999999999997,-0.15299999999999997,0.43,180
full_grid,rgb_0401.png,-0.22187499999999996,-0.15299999999999997,0.43,180
full_grid,rgb_0402.png,-0.19625,-0.15299999999999997,0.43,180
full_grid,rgb_0403.png,-0.170625,-0.15299999999999997,0.43,180
full_grid,rgb_0404.png,-0.145,-0.15299999999999997,0.43,180
full_grid,rgb_0405.png,-0.11937499999999998,-0.15299999999999997,0.43,180
full_grid,rgb_0406.png,-0.09374999999999997,-0.15299999999999997,0.43,180
full_grid,rgb_0407.png,-0.06812499999999996,-0.15299999999999997,0.43,180
full_grid,rgb_0408.png,-0.04250000000000001,-0.15299999999999997,0.43,180
full_grid,rgb_0409.png,-0.016875,-0.15299999999999997,0.43,180
full_grid,rgb_0410.png,0.008750000000000008,-0.15299999999999997,0.43,180
full_grid,rgb_0411.png,0.03437500000000002,-0.15299999999999997,0.43,180
full_grid,rgb_0412.png,0.060000000000000026,-0.15299999999999997,0.43,180
full_grid,rgb_0413.png,0.08562500000000003,-0.15299999999999997,0.43,180
full_grid,rgb_0414.png,0.11125000000000004,-0.15299999999999997,0.43,180
full_grid,rgb_0415.png,0.13687500000000005,-0.15299999999999997,0.43,180
full_grid,rgb_0416.png,0.16250000000000006,-0.15299999999999997,0.43,180
full_grid,rgb_0417.png,0.18812500000000007,-0.15299999999999997,0.43,180
full_grid,rgb_0418.png,0.21375000000000008,-0.15299999999999997,0.43,180
full_grid,rgb_0419.png,0.2393750000000001,-0.15299999999999997,0.43,180
full_grid,rgb_0420.png,0.265,-0.15299999999999997,0.43,180
full_grid,rgb_0421.png,0.290625,-0.15299999999999997,0.43,180
full_grid,rgb_0422.png,0.31625000000000003,-0.15299999999999997,0.43,180
full_grid,rgb_0423.png,0.34187500000000004,-0.15299999999999997,0.43,180
full_grid,rgb_0424.png,0.36750000000000005,-0.15299999999999997,0.43,180
full_grid,rgb_0425.png,0.39312500000000006,-0.15299999999999997,0.43,180
full_grid,rgb_0426.png,0.41875000000000007,-0.15299999999999997,0.43,180
full_grid,rgb_0427.png,0.4443750000000001,-0.15299999999999997,0.43,180
full_grid,rgb_0428.png,0.47,-0.15299999999999997,0.43,180
full_grid,rgb_0429.png,-0.35,-0.128,0.43,180
full_grid,rgb_0430.png,-0.32437499999999997,-0.128,0.43,180
full_grid,rgb_0431.png,-0.29874999999999996,-0.128,0.43,180
full_grid,rgb_0432.png,-0.27312499999999995,-0.128,0.43,180
full_grid,rgb_0433.png,-0.24749999999999997,-0.128,0.43,180
full_grid,rgb_0434.png,-0.22187499999999996,-0.128,0.43,180
full_grid,rgb_0435.png,-0.19625,-0.128,0.43,180
full_grid,rgb_0436.png,-0.170625,-0.128,0.43,180
full_grid,rgb_0437.png,-0.145,-0.128,0.43,180
full_grid,rgb_0438.png,-0.11937499999999998,-0.128,0.43,180
full_grid,rgb_0439.png,-0.09374999999999997,-0.128,0.43,180
full_grid,rgb_0440.png,-0.06812499999999996,-0.128,0.43,180
full_grid,rgb_0441.png,-0.04250000000000001,-0.128,0.43,180
full_grid,rgb_0442.png,-0.016875,-0.128,0.43,180
full_grid,rgb_0443.png,0.008750000000000008,-0.128,0.43,180
full_grid,rgb_0444.png,0.03437500000000002,-0.128,0.43,180
full_grid,rgb_0445.png,0.060000000000000026,-0.128,0.43,180
full_grid,rgb_0446.png,0.08562500000000003,-0.128,0.43,180
full_grid,rgb_0447.png,0.11125000000000004,-0.128,0.43,180
full_grid,rgb_0448.png,0.13687500000000005,-0.128,0.43,180
full_grid,rgb_0449.png,0.16250000000000006,-0.128,0.43,180
full_grid,rgb_0450.png,0.18812500000000007,-0.128,0.43,180
full_grid,rgb_0451.png,0.21375000000000008,-0.128,0.43,180
full_grid,rgb_0452.png,0.2393750000000001,-0.128,0.43,180
full_grid,rgb_0453.png,0.265,-0.128,0.43,180
full_grid,rgb_0454.png,0.290625,-0.128,0.43,180
full_grid,rgb_0455.png,0.31625000000000003,-0.128,0.43,180
full_grid,rgb_0456.png,0.34187500000000004,-0.128,0.43,180
full_grid,rgb_0457.png,0.36750000000000005,-0.128,0.43,180
full_grid,rgb_0458.png,0.39312500000000006,-0.128,0.43,180
full_grid,rgb_0459.png,0.41875000000000007,-0.128,0.43,180
full_grid,rgb_0460.png,0.4443750000000001,-0.128,0.43,180
full_grid,rgb_0461.png,0.47,-0.128,0.43,180
full_grid,rgb_0462.png,-0.35,-0.10299999999999998,0.43,180
full_grid,rgb_0463.png,-0.32437499999999997,-0.10299999999999998,0.43,180
full_grid,rgb_0464.png,-0.29874999999999996,-0.10299999999999998,0.43,180
full_grid,rgb_0465.png,-0.27312499999999995,-0.10299999999999998,0.43,180
full_grid,rgb_0466.png,-0.24749999999999997,-0.10299999999999998,0.43,180
full_grid,rgb_0467.png,-0.22187499999999996,-0.10299999999999998,0.43,180
full_grid,rgb_0468.png,-0.19625,-0.10299999999999998,0.43,180
full_grid,rgb_0469.png,-0.170625,-0.10299999999999998,0.43,180
full_grid,rgb_0470.png,-0.145,-0.10299999999999998,0.43,180
full_grid,rgb_0471.png,-0.11937499999999998,-0.10299999999999998,0.43,180
full_grid,rgb_0472.png,-0.09374999999999997,-0.10299999999999998,0.43,180
full_grid,rgb_0473.png,-0.06812499999999996,-0.10299999999999998,0.43,180
full_grid,rgb_0474.png,-0.04250000000000001,-0.10299999999999998,0.43,180
full_grid,rgb_0475.png,-0.016875,-0.10299999999999998,0.43,180
full_grid,rgb_0476.png,0.008750000000000008,-0.10299999999999998,0.43,180
full_grid,rgb_0477.png,0.03437500000000002,-0.10299999999999998,0.43,180
full_grid,rgb_0478.png,0.060000000000000026,-0.10299999999999998,0.43,180
full_grid,rgb_0479.png,0.08562500000000003,-0.10299999999999998,0.43,180
full_grid,rgb_0480.png,0.11125000000000004,-0.10299999999999998,0.43,180
full_grid,rgb_0481.png,0.13687500000000005,-0.10299999999999998,0.43,180
full_grid,rgb_0482.png,0.16250000000000006,-0.10299999999999998,0.43,180
full_grid,rgb_0483.png,0.18812500000000007,-0.10299999999999998,0.43,180
full_grid,rgb_0484.png,0.21375000000000008,-0.10299999999999998,0.43,180
full_grid,rgb_0485.png,0.2393750000000001,-0.10299999999999998,0.43,180
full_grid,rgb_0486.png,0.265,-0.10299999999999998,0.43,180
full_grid,rgb_0487.png,0.290625,-0.10299999999999998,0.43,180
full_grid,rgb_0488.png,0.31625000000000003,-0.10299999999999998,0.43,180
full_grid,rgb_0489.png,0.34187500000000004,-0.10299999999999998,0.43,180
full_grid,rgb_0490.png,0.36750000000000005,-0.10299999999999998,0.43,180
full_grid,rgb_0491.png,0.39312500000000006,-0.10299999999999998,0.43,180
full_grid,rgb_0492.png,0.41875000000000007,-0.10299999999999998,0.43,180
full_grid,rgb_0493.png,0.4443750000000001,-0.10299999999999998,0.43,180
full_grid,rgb_0494.png,0.47,-0.10299999999999998,0.43,180
full_grid,rgb_0495.png,-0.35,-0.07800000000000001,0.43,180
full_grid,rgb_0496.png,-0.32437499999999997,-0.07800000000000001,0.43,180
full_grid,rgb_0497.png,-0.29874999999999996,-0.07800000000000001,0.43,180
full_grid,rgb_0498.png,-0.27312499999999995,-0.07800000000000001,0.43,180
full_grid,rgb_0499.png,-0.24749999999999997,-0.07800000000000001,0.43,180
full_grid,rgb_0500.png,-0.22187499999999996,-0.07800000000000001,0.43,180
full_grid,rgb_0501.png,-0.19625,-0.07800000000000001,0.43,180
full_grid,rgb_0502.png,-0.170625,-0.07800000000000001,0.43,180
full_grid,rgb_0503.png,-0.145,-0.07800000000000001,0.43,180
full_grid,rgb_0504.png,-0.11937499999999998,-0.07800000000000001,0.43,180
full_grid,rgb_0505.png,-0.09374999999999997,-0.07800000000000001,0.43,180
full_grid,rgb_0506.png,-0.06812499999999996,-0.07800000000000001,0.43,180
full_grid,rgb_0507.png,-0.04250000000000001,-0.07800000000000001,0.43,180
full_grid,rgb_0508.png,-0.016875,-0.07800000000000001,0.43,180
full_grid,rgb_0509.png,0.008750000000000008,-0.07800000000000001,0.43,180
full_grid,rgb_0510.png,0.03437500000000002,-0.07800000000000001,0.43,180
full_grid,rgb_0511.png,0.060000000000000026,-0.07800000000000001,0.43,180
full_grid,rgb_0512.png,0.08562500000000003,-0.07800000000000001,0.43,180
full_grid,rgb_0513.png,0.11125000000000004,-0.07800000000000001,0.43,180
full_grid,rgb_0514.png,0.13687500000000005,-0.07800000000000001,0.43,180
full_grid,rgb_0515.png,0.16250000000000006,-0.07800000000000001,0.43,180
full_grid,rgb_0516.png,0.18812500000000007,-0.07800000000000001,0.43,180
full_grid,rgb_0517.png,0.21375000000000008,-0.07800000000000001,0.43,180
full_grid,rgb_0518.png,0.2393750000000001,-0.07800000000000001,0.43,180
full_grid,rgb_0519.png,0.265,-0.07800000000000001,0.43,180
full_grid,rgb_0520.png,0.290625,-0.07800000000000001,0.43,180
full_grid,rgb_0521.png,0.31625000000000003,-0.07800000000000001,0.43,180
full_grid,rgb_0522.png,0.34187500000000004,-0.07800000000000001,0.43,180
full_grid,rgb_0523.png,0.36750000000000005,-0.07800000000000001,0.43,180
full_grid,rgb_0524.png,0.39312500000000006,-0.07800000000000001,0.43,180
full_grid,rgb_0525.png,0.41875000000000007,-0.07800000000000001,0.43,180
full_grid,rgb_0526.png,0.4443750000000001,-0.07800000000000001,0.43,180
full_grid,rgb_0527.png,0.47,-0.07800000000000001,0.43,180
full_grid,rgb_0528.png,-0.35,-0.05299999999999999,0.43,180
full_grid,rgb_0529.png,-0.32437499999999997,-0.05299999999999999,0.43,180
full_grid,rgb_0530.png,-0.29874999999999996,-0.05299999999999999,0.43,180
full_grid,rgb_0531.png,-0.27312499999999995,-0.05299999999999999,0.43,180
full_grid,rgb_0532.png,-0.24749999999999997,-0.05299999999999999,0.43,180
full_grid,rgb_0533.png,-0.22187499999999996,-0.05299999999999999,0.43,180
full_grid,rgb_0534.png,-0.19625,-0.05299999999999999,0.43,180
full_grid,rgb_0535.png,-0.170625,-0.05299999999999999,0.43,180
full_grid,rgb_0536.png,-0.145,-0.05299999999999999,0.43,180
full_grid,rgb_0537.png,-0.11937499999999998,-0.05299999999999999,0.43,180
full_grid,rgb_0538.png,-0.09374999999999997,-0.05299999999999999,0.43,180
full_grid,rgb_0539.png,-0.06812499999999996,-0.05299999999999999,0.43,180
full_grid,rgb_0540.png,-0.04250000000000001,-0.05299999999999999,0.43,180
full_grid,rgb_0541.png,-0.016875,-0.05299999999999999,0.43,180
full_grid,rgb_0542.png,0.008750000000000008,-0.05299999999999999,0.43,180
full_grid,rgb_0543.png,0.03437500000000002,-0.05299999999999999,0.43,180
full_grid,rgb_0544.png,0.060000000000000026,-0.05299999999999999,0.43,180
full_grid,rgb_0545.png,0.08562500000000003,-0.05299999999999999,0.43,180
full_grid,rgb_0546.png,0.11125000000000004,-0.05299999999999999,0.43,180
full_grid,rgb_0547.png,0.13687500000000005,-0.05299999999999999,0.43,180
full_grid,rgb_0548.png,0.16250000000000006,-0.05299999999999999,0.43,180
full_grid,rgb_0549.png,0.18812500000000007,-0.05299999999999999,0.43,180
full_grid,rgb_0550.png,0.21375000000000008,-0.05299999999999999,0.43,180
full_grid,rgb_0551.png,0.2393750000000001,-0.05299999999999999,0.43,180
full_grid,rgb_0552.png,0.265,-0.05299999999999999,0.43,180
full_grid,rgb_0553.png,0.290625,-0.05299999999999999,0.43,180
full_grid,rgb_0554.png,0.31625000000000003,-0.05299999999999999,0.43,180
full_grid,rgb_0555.png,0.34187500000000004,-0.05299999999999999,0.43,180
full_grid,rgb_0556.png,0.36750000000000005,-0.05299999999999999,0.43,180
full_grid,rgb_0557.png,0.39312500000000006,-0.05299999999999999,0.43,180
full_grid,rgb_0558.png,0.41875000000000007,-0.05299999999999999,0.43,180
full_grid,rgb_0559.png,0.4443750000000001,-0.05299999999999999,0.43,180
full_grid,rgb_0560.png,0.47,-0.05299999999999999,0.43,180
full_grid,rgb_0561.png,-0.35,-0.027999999999999966,0.43,180
full_grid,rgb_0562.png,-0.32437499999999997,-0.027999999999999966,0.43,180
full_grid,rgb_0563.png,-0.29874999999999996,-0.027999999999999966,0.43,180
full_grid,rgb_0564.png,-0.27312499999999995,-0.027999999999999966,0.43,180
full_grid,rgb_0565.png,-0.24749999999999997,-0.027999999999999966,0.43,180
full_grid,rgb_0566.png,-0.22187499999999996,-0.027999999999999966,0.43,180
full_grid,rgb_0567.png,-0.19625,-0.027999999999999966,0.43,180
full_grid,rgb_0568.png,-0.170625,-0.027999999999999966,0.43,180
full_grid,rgb_0569.png,-0.145,-0.027999999999999966,0.43,180
full_grid,rgb_0570.png,-0.11937499999999998,-0.027999999999999966,0.43,180
full_grid,rgb_0571.png,-0.09374999999999997,-0.027999999999999966,0.43,180
full_grid,rgb_0572.png,-0.06812499999999996,-0.027999999999999966,0.43,180
full_grid,rgb_0573.png,-0.04250000000000001,-0.027999999999999966,0.43,180
full_grid,rgb_0574.png,-0.016875,-0.027999999999999966,0.43,180
full_grid,rgb_0575.png,0.008750000000000008,-0.027999999999999966,0.43,180
full_grid,rgb_0576.png,0.03437500000000002,-0.027999999999999966,0.43,180
full_grid,rgb_0577.png,0.060000000000000026,-0.027999999999999966,0.43,180
full_grid,rgb_0578.png,0.08562500000000003,-0.027999999999999966,0.43,180
full_grid,rgb_0579.png,0.11125000000000004,-0.027999999999999966,0.43,180
full_grid,rgb_0580.png,0.13687500000000005,-0.027999999999999966,0.43,180
full_grid,rgb_0581.png,0.16250000000000006,-0.027999999999999966,0.43,180
full_grid,rgb_0582.png,0.18812500000000007,-0.027999999999999966,0.43,180
full_grid,rgb_0583.png,0.21375000000000008,-0.027999999999999966,0.43,180
full_grid,rgb_0584.png,0.2393750000000001,-0.027999999999999966,0.43,180
full_grid,rgb_0585.png,0.265,-0.027999999999999966,0.43,180
full_grid,rgb_0586.png,0.290625,-0.027999999999999966,0.43,180
full_grid,rgb_0587.png,0.31625000000000003,-0.027999999999999966,0.43,180
full_grid,rgb_0588.png,0.34187500000000004,-0.027999999999999966,0.43,180
full_grid,rgb_0589.png,0.36750000000000005,-0.027999999999999966,0.43,180
full_grid,rgb_0590.png,0.39312500000000006,-0.027999999999999966,0.43,180
full_grid,rgb_0591.png,0.41875000000000007,-0.027999999999999966,0.43,180
full_grid,rgb_0592.png,0.4443750000000001,-0.027999999999999966,0.43,180
full_grid,rgb_0593.png,0.47,-0.027999999999999966,0.43,180
full_grid,rgb_0594.png,-0.35,-0.003,0.43,180
full_grid,rgb_0595.png,-0.32437499999999997,-0.003,0.43,180
full_grid,rgb_0596.png,-0.29874999999999996,-0.003,0.43,180
full_grid,rgb_0597.png,-0.27312499999999995,-0.003,0.43,180
full_grid,rgb_0598.png,-0.24749999999999997,-0.003,0.43,180
full_grid,rgb_0599.png,-0.22187499999999996,-0.003,0.43,180
full_grid,rgb_0600.png,-0.19625,-0.003,0.43,180
full_grid,rgb_0601.png,-0.170625,-0.003,0.43,180
full_grid,rgb_0602.png,-0.145,-0.003,0.43,180
full_grid,rgb_0603.png,-0.11937499999999998,-0.003,0.43,180
full_grid,rgb_0604.png,-0.09374999999999997,-0.003,0.43,180
full_grid,rgb_0605.png,-0.06812499999999996,-0.003,0.43,180
full_grid,rgb_0606.png,-0.04250000000000001,-0.003,0.43,180
full_grid,rgb_0607.png,-0.016875,-0.003,0.43,180
full_grid,rgb_0608.png,0.008750000000000008,-0.003,0.43,180
full_grid,rgb_0609.png,0.03437500000000002,-0.003,0.43,180
full_grid,rgb_0610.png,0.060000000000000026,-0.003,0.43,180
full_grid,rgb_0611.png,0.08562500000000003,-0.003,0.43,180
full_grid,rgb_0612.png,0.11125000000000004,-0.003,0.43,180
full_grid,rgb_0613.png,0.13687500000000005,-0.003,0.43,180
full_grid,rgb_0614.png,0.16250000000000006,-0.003,0.43,180
full_grid,rgb_0615.png,0.18812500000000007,-0.003,0.43,180
full_grid,rgb_0616.png,0.21375000000000008,-0.003,0.43,180
full_grid,rgb_0617.png,0.2393750000000001,-0.003,0.43,180
full_grid,rgb_0618.png,0.265,-0.003,0.43,180
full_grid,rgb_0619.png,0.290625,-0.003,0.43,180
full_grid,rgb_0620.png,0.31625000000000003,-0.003,0.43,180
full_grid,rgb_0621.png,0.34187500000000004,-0.003,0.43,180
full_grid,rgb_0622.png,0.36750000000000005,-0.003,0.43,180
full_grid,rgb_0623.png,0.39312500000000006,-0.003,0.43,180
full_grid,rgb_0624.png,0.41875000000000007,-0.003,0.43,180
full_grid,rgb_0625.png,0.4443750000000001,-0.003,0.43,180
full_grid,rgb_0626.png,0.47,-0.003,0.43,180
full_grid,rgb_0627.png,-0.35,0.022000000000000023,0.43,180
full_grid,rgb_0628.png,-0.32437499999999997,0.022000000000000023,0.43,180
full_grid,rgb_0629.png,-0.29874999999999996,0.022000000000000023,0.43,180
full_grid,rgb_0630.png,-0.27312499999999995,0.022000000000000023,0.43,180
full_grid,rgb_0631.png,-0.24749999999999997,0.022000000000000023,0.43,180
full_grid,rgb_0632.png,-0.22187499999999996,0.022000000000000023,0.43,180
full_grid,rgb_0633.png,-0.19625,0.022000000000000023,0.43,180
full_grid,rgb_0634.png,-0.170625,0.022000000000000023,0.43,180
full_grid,rgb_0635.png,-0.145,0.022000000000000023,0.43,180
full_grid,rgb_0636.png,-0.11937499999999998,0.022000000000000023,0.43,180
full_grid,rgb_0637.png,-0.09374999999999997,0.022000000000000023,0.43,180
full_grid,rgb_0638.png,-0.06812499999999996,0.022000000000000023,0.43,180
full_grid,rgb_0639.png,-0.04250000000000001,0.022000000000000023,0.43,180
full_grid,rgb_0640.png,-0.016875,0.022000000000000023,0.43,180
full_grid,rgb_0641.png,0.008750000000000008,0.022000000000000023,0.43,180
full_grid,rgb_0642.png,0.03437500000000002,0.022000000000000023,0.43,180
full_grid,rgb_0643.png,0.060000000000000026,0.022000000000000023,0.43,180
full_grid,rgb_0644.png,0.08562500000000003,0.022000000000000023,0.43,180
full_grid,rgb_0645.png,0.11125000000000004,0.022000000000000023,0.43,180
full_grid,rgb_0646.png,0.13687500000000005,0.022000000000000023,0.43,180
full_grid,rgb_0647.png,0.16250000000000006,0.022000000000000023,0.43,180
full_grid,rgb_0648.png,0.18812500000000007,0.022000000000000023,0.43,180
full_grid,rgb_0649.png,0.21375000000000008,0.022000000000000023,0.43,180
full_grid,rgb_0650.png,0.2393750000000001,0.022000000000000023,0.43,180
full_grid,rgb_0651.png,0.265,0.022000000000000023,0.43,180
full_grid,rgb_0652.png,0.290625,0.022000000000000023,0.43,180
full_grid,rgb_0653.png,0.31625000000000003,0.022000000000000023,0.43,180
full_grid,rgb_0654.png,0.34187500000000004,0.022000000000000023,0.43,180
full_grid,rgb_0655.png,0.36750000000000005,0.022000000000000023,0.43,180
full_grid,rgb_0656.png,0.39312500000000006,0.022000000000000023,0.43,180
full_grid,rgb_0657.png,0.41875000000000007,0.022000000000000023,0.43,180
full_grid,rgb_0658.png,0.4443750000000001,0.022000000000000023,0.43,180
full_grid,rgb_0659.png,0.47,0.022000000000000023,0.43,180
full_grid,rgb_0660.png,-0.35,0.046999999999999986,0.43,180
full_grid,rgb_0661.png,-0.32437499999999997,0.046999999999999986,0.43,180
full_grid,rgb_0662.png,-0.29874999999999996,0.046999999999999986,0.43,180
full_grid,rgb_0663.png,-0.27312499999999995,0.046999999999999986,0.43,180
full_grid,rgb_0664.png,-0.24749999999999997,0.046999999999999986,0.43,180
full_grid,rgb_0665.png,-0.22187499999999996,0.046999999999999986,0.43,180
full_grid,rgb_0666.png,-0.19625,0.046999999999999986,0.43,180
full_grid,rgb_0667.png,-0.170625,0.046999999999999986,0.43,180
full_grid,rgb_0668.png,-0.145,0.046999999999999986,0.43,180
full_grid,rgb_0669.png,-0.11937499999999998,0.046999999999999986,0.43,180
full_grid,rgb_0670.png,-0.09374999999999997,0.046999999999999986,0.43,180
full_grid,rgb_0671.png,-0.06812499999999996,0.046999999999999986,0.43,180
full_grid,rgb_0672.png,-0.04250000000000001,0.046999999999999986,0.43,180
full_grid,rgb_0673.png,-0.016875,0.046999999999999986,0.43,180
full_grid,rgb_0674.png,0.008750000000000008,0.046999999999999986,0.43,180
full_grid,rgb_0675.png,0.03437500000000002,0.046999999999999986,0.43,180
full_grid,rgb_0676.png,0.060000000000000026,0.046999999999999986,0.43,180
full_grid,rgb_0677.png,0.08562500000000003,0.046999999999999986,0.43,180
full_grid,rgb_0678.png,0.11125000000000004,0.046999999999999986,0.43,180
full_grid,rgb_0679.png,0.13687500000000005,0.046999999999999986,0.43,180
full_grid,rgb_0680.png,0.16250000000000006,0.046999999999999986,0.43,180
full_grid,rgb_0681.png,0.18812500000000007,0.046999999999999986,0.43,180
full_grid,rgb_0682.png,0.21375000000000008,0.046999999999999986,0.43,180
full_grid,rgb_0683.png,0.2393750000000001,0.046999999999999986,0.43,180
full_grid,rgb_0684.png,0.265,0.046999999999999986,0.43,180
full_grid,rgb_0685.png,0.290625,0.046999999999999986,0.43,180
full_grid,rgb_0686.png,0.31625000000000003,0.046999999999999986,0.43,180
full_grid,rgb_0687.png,0.34187500000000004,0.046999999999999986,0.43,180
full_grid,rgb_0688.png,0.36750000000000005,0.046999999999999986,0.43,180
full_grid,rgb_0689.png,0.39312500000000006,0.046999999999999986,0.43,180
full_grid,rgb_0690.png,0.41875000000000007,0.046999999999999986,0.43,180
full_grid,rgb_0691.png,0.4443750000000001,0.046999999999999986,0.43,180
full_grid,rgb_0692.png,0.47,0.046999999999999986,0.43,180
full_grid,rgb_0693.png,-0.35,0.07200000000000001,0.43,180
full_grid,rgb_0694.png,-0.32437499999999997,0.07200000000000001,0.43,180
full_grid,rgb_0695.png,-0.29874999999999996,0.07200000000000001,0.43,180
full_grid,rgb_0696.png,-0.27312499999999995,0.07200000000000001,0.43,180
full_grid,rgb_0697.png,-0.24749999999999997,0.07200000000000001,0.43,180
full_grid,rgb_0698.png,-0.22187499999999996,0.07200000000000001,0.43,180
full_grid,rgb_0699.png,-0.19625,0.07200000000000001,0.43,180
full_grid,rgb_0700.png,-0.170625,0.07200000000000001,0.43,180
full_grid,rgb_0701.png,-0.145,0.07200000000000001,0.43,180
full_grid,rgb_0702.png,-0.11937499999999998,0.07200000000000001,0.43,180
full_grid,rgb_0703.png,-0.09374999999999997,0.07200000000000001,0.43,180
full_grid,rgb_0704.png,-0.06812499999999996,0.07200000000000001,0.43,180
full_grid,rgb_0705.png,-0.04250000000000001,0.07200000000000001,0.43,180
full_grid,rgb_0706.png,-0.016875,0.07200000000000001,0.43,180
full_grid,rgb_0707.png,0.008750000000000008,0.07200000000000001,0.43,180
full_grid,rgb_0708.png,0.03437500000000002,0.07200000000000001,0.43,180
full_grid,rgb_0709.png,0.060000000000000026,0.07200000000000001,0.43,180
full_grid,rgb_0710.png,0.08562500000000003,0.07200000000000001,0.43,180
full_grid,rgb_0711.png,0.11125000000000004,0.07200000000000001,0.43,180
full_grid,rgb_0712.png,0.13687500000000005,0.07200000000000001,0.43,180
full_grid,rgb_0713.png,0.16250000000000006,0.07200000000000001,0.43,180
full_grid,rgb_0714.png,0.18812500000000007,0.07200000000000001,0.43,180
full_grid,rgb_0715.png,0.21375000000000008,0.07200000000000001,0.43,180
full_grid,rgb_0716.png,0.2393750000000001,0.07200000000000001,0.43,180
full_grid,rgb_0717.png,0.265,0.07200000000000001,0.43,180
full_grid,rgb_0718.png,0.290625,0.07200000000000001,0.43,180
full_grid,rgb_0719.png,0.31625000000000003,0.07200000000000001,0.43,180
full_grid,rgb_0720.png,0.34187500000000004,0.07200000000000001,0.43,180
full_grid,rgb_0721.png,0.36750000000000005,0.07200000000000001,0.43,180
full_grid,rgb_0722.png,0.39312500000000006,0.07200000000000001,0.43,180
full_grid,rgb_0723.png,0.41875000000000007,0.07200000000000001,0.43,180
full_grid,rgb_0724.png,0.4443750000000001,0.07200000000000001,0.43,180
full_grid,rgb_0725.png,0.47,0.07200000000000001,0.43,180
full_grid,rgb_0726.png,-0.35,0.09700000000000003,0.43,180
full_grid,rgb_0727.png,-0.32437499999999997,0.09700000000000003,0.43,180
full_grid,rgb_0728.png,-0.29874999999999996,0.09700000000000003,0.43,180
full_grid,rgb_0729.png,-0.27312499999999995,0.09700000000000003,0.43,180
full_grid,rgb_0730.png,-0.24749999999999997,0.09700000000000003,0.43,180
full_grid,rgb_0731.png,-0.22187499999999996,0.09700000000000003,0.43,180
full_grid,rgb_0732.png,-0.19625,0.09700000000000003,0.43,180
full_grid,rgb_0733.png,-0.170625,0.09700000000000003,0.43,180
full_grid,rgb_0734.png,-0.145,0.09700000000000003,0.43,180
full_grid,rgb_0735.png,-0.11937499999999998,0.09700000000000003,0.43,180
full_grid,rgb_0736.png,-0.09374999999999997,0.09700000000000003,0.43,180
full_grid,rgb_0737.png,-0.06812499999999996,0.09700000000000003,0.43,180
full_grid,rgb_0738.png,-0.04250000000000001,0.09700000000000003,0.43,180
full_grid,rgb_0739.png,-0.016875,0.09700000000000003,0.43,180
full_grid,rgb_0740.png,0.008750000000000008,0.09700000000000003,0.43,180
full_grid,rgb_0741.png,0.03437500000000002,0.09700000000000003,0.43,180
full_grid,rgb_0742.png,0.060000000000000026,0.09700000000000003,0.43,180
full_grid,rgb_0743.png,0.08562500000000003,0.09700000000000003,0.43,180
full_grid,rgb_0744.png,0.11125000000000004,0.09700000000000003,0.43,180
full_grid,rgb_0745.png,0.13687500000000005,0.09700000000000003,0.43,180
full_grid,rgb_0746.png,0.16250000000000006,0.09700000000000003,0.43,180
full_grid,rgb_0747.png,0.18812500000000007,0.09700000000000003,0.43,180
full_grid,rgb_0748.png,0.21375000000000008,0.09700000000000003,0.43,180
full_grid,rgb_0749.png,0.2393750000000001,0.09700000000000003,0.43,180
full_grid,rgb_0750.png,0.265,0.09700000000000003,0.43,180
full_grid,rgb_0751.png,0.290625,0.09700000000000003,0.43,180
full_grid,rgb_0752.png,0.31625000000000003,0.09700000000000003,0.43,180
full_grid,rgb_0753.png,0.34187500000000004,0.09700000000000003,0.43,180
full_grid,rgb_0754.png,0.36750000000000005,0.09700000000000003,0.43,180
full_grid,rgb_0755.png,0.39312500000000006,0.09700000000000003,0.43,180
full_grid,rgb_0756.png,0.41875000000000007,0.09700000000000003,0.43,180
full_grid,rgb_0757.png,0.4443750000000001,0.09700000000000003,0.43,180
full_grid,rgb_0758.png,0.47,0.09700000000000003,0.43,180
full_grid,rgb_0759.png,-0.35,0.12200000000000005,0.43,180
full_grid,rgb_0760.png,-0.32437499999999997,0.12200000000000005,0.43,180
full_grid,rgb_0761.png,-0.29874999999999996,0.12200000000000005,0.43,180
full_grid,rgb_0762.png,-0.27312499999999995,0.12200000000000005,0.43,180
full_grid,rgb_0763.png,-0.24749999999999997,0.12200000000000005,0.43,180
full_grid,rgb_0764.png,-0.22187499999999996,0.12200000000000005,0.43,180
full_grid,rgb_0765.png,-0.19625,0.12200000000000005,0.43,180
full_grid,rgb_0766.png,-0.170625,0.12200000000000005,0.43,180
full_grid,rgb_0767.png,-0.145,0.12200000000000005,0.43,180
full_grid,rgb_0768.png,-0.11937499999999998,0.12200000000000005,0.43,180
full_grid,rgb_0769.png,-0.09374999999999997,0.12200000000000005,0.43,180
full_grid,rgb_0770.png,-0.06812499999999996,0.12200000000000005,0.43,180
full_grid,rgb_0771.png,-0.04250000000000001,0.12200000000000005,0.43,180
full_grid,rgb_0772.png,-0.016875,0.12200000000000005,0.43,180
full_grid,rgb_0773.png,0.008750000000000008,0.12200000000000005,0.43,180
full_grid,rgb_0774.png,0.03437500000000002,0.12200000000000005,0.43,180
full_grid,rgb_0775.png,0.060000000000000026,0.12200000000000005,0.43,180
full_grid,rgb_0776.png,0.08562500000000003,0.12200000000000005,0.43,180
full_grid,rgb_0777.png,0.11125000000000004,0.12200000000000005,0.43,180
full_grid,rgb_0778.png,0.13687500000000005,0.12200000000000005,0.43,180
full_grid,rgb_0779.png,0.16250000000000006,0.12200000000000005,0.43,180
full_grid,rgb_0780.png,0.18812500000000007,0.12200000000000005,0.43,180
full_grid,rgb_0781.png,0.21375000000000008,0.12200000000000005,0.43,180
full_grid,rgb_0782.png,0.2393750000000001,0.12200000000000005,0.43,180
full_grid,rgb_0783.png,0.265,0.12200000000000005,0.43,180
full_grid,rgb_0784.png,0.290625,0.12200000000000005,0.43,180
full_grid,rgb_0785.png,0.31625000000000003,0.12200000000000005,0.43,180
full_grid,rgb_0786.png,0.34187500000000004,0.12200000000000005,0.43,180
full_grid,rgb_0787.png,0.36750000000000005,0.12200000000000005,0.43,180
full_grid,rgb_0788.png,0.39312500000000006,0.12200000000000005,0.43,180
full_grid,rgb_0789.png,0.41875000000000007,0.12200000000000005,0.43,180
full_grid,rgb_0790.png,0.4443750000000001,0.12200000000000005,0.43,180
full_grid,rgb_0791.png,0.47,0.12200000000000005,0.43,180
full_grid,rgb_0792.png,-0.35,0.14700000000000008,0.43,180
full_grid,rgb_0793.png,-0.32437499999999997,0.14700000000000008,0.43,180
full_grid,rgb_0794.png,-0.29874999999999996,0.14700000000000008,0.43,180
full_grid,rgb_0795.png,-0.27312499999999995,0.14700000000000008,0.43,180
full_grid,rgb_0796.png,-0.24749999999999997,0.14700000000000008,0.43,180
full_grid,rgb_0797.png,-0.22187499999999996,0.14700000000000008,0.43,180
full_grid,rgb_0798.png,-0.19625,0.14700000000000008,0.43,180
full_grid,rgb_0799.png,-0.170625,0.14700000000000008,0.43,180
full_grid,rgb_0800.png,-0.145,0.14700000000000008,0.43,180
full_grid,rgb_0801.png,-0.11937499999999998,0.14700000000000008,0.43,180
full_grid,rgb_0802.png,-0.09374999999999997,0.14700000000000008,0.43,180
full_grid,rgb_0803.png,-0.06812499999999996,0.14700000000000008,0.43,180
full_grid,rgb_0804.png,-0.04250000000000001,0.14700000000000008,0.43,180
full_grid,rgb_0805.png,-0.016875,0.14700000000000008,0.43,180
full_grid,rgb_0806.png,0.008750000000000008,0.14700000000000008,0.43,180
full_grid,rgb_0807.png,0.03437500000000002,0.14700000000000008,0.43,180
full_grid,rgb_0808.png,0.060000000000000026,0.14700000000000008,0.43,180
full_grid,rgb_0809.png,0.08562500000000003,0.14700000000000008,0.43,180
full_grid,rgb_0810.png,0.11125000000000004,0.14700000000000008,0.43,180
full_grid,rgb_0811.png,0.13687500000000005,0.14700000000000008,0.43,180
full_grid,rgb_0812.png,0.16250000000000006,0.14700000000000008,0.43,180
full_grid,rgb_0813.png,0.18812500000000007,0.14700000000000008,0.43,180
full_grid,rgb_0814.png,0.21375000000000008,0.14700000000000008,0.43,180
full_grid,rgb_0815.png,0.2393750000000001,0.14700000000000008,0.43,180
full_grid,rgb_0816.png,0.265,0.14700000000000008,0.43,180
full_grid,rgb_0817.png,0.290625,0.14700000000000008,0.43,180
full_grid,rgb_0818.png,0.31625000000000003,0.14700000000000008,0.43,180
full_grid,rgb_0819.png,0.34187500000000004,0.14700000000000008,0.43,180
full_grid,rgb_0820.png,0.36750000000000005,0.14700000000000008,0.43,180
full_grid,rgb_0821.png,0.39312500000000006,0.14700000000000008,0.43,180
full_grid,rgb_0822.png,0.41875000000000007,0.14700000000000008,0.43,180
full_grid,rgb_0823.png,0.4443750000000001,0.14700000000000008,0.43,180
full_grid,rgb_0824.png,0.47,0.14700000000000008,0.43,180
full_grid,rgb_0825.png,-0.35,0.172,0.43,180
full_grid,rgb_0826.png,-0.32437499999999997,0.172,0.43,180
full_grid,rgb_0827.png,-0.29874999999999996,0.172,0.43,180
full_grid,rgb_0828.png,-0.27312499999999995,0.172,0.43,180
full_grid,rgb_0829.png,-0.24749999999999997,0.172,0.43,180
full_grid,rgb_0830.png,-0.22187499999999996,0.172,0.43,180
full_grid,rgb_0831.png,-0.19625,0.172,0.43,180
full_grid,rgb_0832.png,-0.170625,0.172,0.43,180
full_grid,rgb_0833.png,-0.145,0.172,0.43,180
full_grid,rgb_0834.png,-0.11937499999999998,0.172,0.43,180
full_grid,rgb_0835.png,-0.09374999999999997,0.172,0.43,180
full_grid,rgb_0836.png,-0.06812499999999996,0.172,0.43,180
full_grid,rgb_0837.png,-0.04250000000000001,0.172,0.43,180
full_grid,rgb_0838.png,-0.016875,0.172,0.43,180
full_grid,rgb_0839.png,0.008750000000000008,0.172,0.43,180
full_grid,rgb_0840.png,0.03437500000000002,0.172,0.43,180
full_grid,rgb_0841.png,0.060000000000000026,0.172,0.43,180
full_grid,rgb_0842.png,0.08562500000000003,0.172,0.43,180
full_grid,rgb_0843.png,0.11125000000000004,0.172,0.43,180
full_grid,rgb_0844.png,0.13687500000000005,0.172,0.43,180
full_grid,rgb_0845.png,0.16250000000000006,0.172,0.43,180
full_grid,rgb_0846.png,0.18812500000000007,0.172,0.43,180
full_grid,rgb_0847.png,0.21375000000000008,0.172,0.43,180
full_grid,rgb_0848.png,0.2393750000000001,0.172,0.43,180
full_grid,rgb_0849.png,0.265,0.172,0.43,180
full_grid,rgb_0850.png,0.290625,0.172,0.43,180
full_grid,rgb_0851.png,0.31625000000000003,0.172,0.43,180
full_grid,rgb_0852.png,0.34187500000000004,0.172,0.43,180
full_grid,rgb_0853.png,0.36750000000000005,0.172,0.43,180
full_grid,rgb_0854.png,0.39312500000000006,0.172,0.43,180
full_grid,rgb_0855.png,0.41875000000000007,0.172,0.43,180
full_grid,rgb_0856.png,0.4443750000000001,0.172,0.43,180
full_grid,rgb_0857.png,0.47,0.172,0.43,180
full_grid,rgb_0858.png,-0.35,0.197,0.43,180
full_grid,rgb_0859.png,-0.32437499999999997,0.197,0.43,180
full_grid,rgb_0860.png,-0.29874999999999996,0.197,0.43,180
full_grid,rgb_0861.png,-0.27312499999999995,0.197,0.43,180
full_grid,rgb_0862.png,-0.24749999999999997,0.197,0.43,180
full_grid,rgb_0863.png,-0.22187499999999996,0.197,0.43,180
full_grid,rgb_0864.png,-0.19625,0.197,0.43,180
full_grid,rgb_0865.png,-0.170625,0.197,0.43,180
full_grid,rgb_0866.png,-0.145,0.197,0.43,180
full_grid,rgb_0867.png,-0.11937499999999998,0.197,0.43,180
full_grid,rgb_0868.png,-0.09374999999999997,0.197,0.43,180
full_grid,rgb_0869.png,-0.06812499999999996,0.197,0.43,180
full_grid,rgb_0870.png,-0.04250000000000001,0.197,0.43,180
full_grid,rgb_0871.png,-0.016875,0.197,0.43,180
full_grid,rgb_0872.png,0.008750000000000008,0.197,0.43,180
full_grid,rgb_0873.png,0.03437500000000002,0.197,0.43,180
full_grid,rgb_0874.png,0.060000000000000026,0.197,0.43,180
full_grid,rgb_0875.png,0.08562500000000003,0.197,0.43,180
full_grid,rgb_0876.png,0.11125000000000004,0.197,0.43,180
full_grid,rgb_0877.png,0.13687500000000005,0.197,0.43,180
full_grid,rgb_0878.png,0.16250000000000006,0.197,0.43,180
full_grid,rgb_0879.png,0.18812500000000007,0.197,0.43,180
full_grid,rgb_0880.png,0.21375000000000008,0.197,0.43,180
full_grid,rgb_0881.png,0.2393750000000001,0.197,0.43,180
full_grid,rgb_0882.png,0.265,0.197,0.43,180
full_grid,rgb_0883.png,0.290625,0.197,0.43,180
full_grid,rgb_0884.png,0.31625000000000003,0.197,0.43,180
full_grid,rgb_0885.png,0.34187500000000004,0.197,0.43,180
full_grid,rgb_0886.png,0.36750000000000005,0.197,0.43,180
full_grid,rgb_0887.png,0.39312500000000006,0.197,0.43,180
full_grid,rgb_0888.png,0.41875000000000007,0.197,0.43,180
full_grid,rgb_0889.png,0.4443750000000001,0.197,0.43,180
full_grid,rgb_0890.png,0.47,0.197,0.43,180
full_grid,rgb_0891.png,-0.35,0.22200000000000003,0.43,180
full_grid,rgb_0892.png,-0.32437499999999997,0.22200000000000003,0.43,180
full_grid,rgb_0893.png,-0.29874999999999996,0.22200000000000003,0.43,180
full_grid,rgb_0894.png,-0.27312499999999995,0.22200000000000003,0.43,180
full_grid,rgb_0895.png,-0.24749999999999997,0.22200000000000003,0.43,180
full_grid,rgb_0896.png,-0.22187499999999996,0.22200000000000003,0.43,180
full_grid,rgb_0897.png,-0.19625,0.22200000000000003,0.43,180
full_grid,rgb_0898.png,-0.170625,0.22200000000000003,0.43,180
full_grid,rgb_0899.png,-0.145,0.22200000000000003,0.43,180
full_grid,rgb_0900.png,-0.11937499999999998,0.22200000000000003,0.43,180
full_grid,rgb_0901.png,-0.09374999999999997,0.22200000000000003,0.43,180
full_grid,rgb_0902.png,-0.06812499999999996,0.22200000000000003,0.43,180
full_grid,rgb_0903.png,-0.04250000000000001,0.22200000000000003,0.43,180
full_grid,rgb_0904.png,-0.016875,0.22200000000000003,0.43,180
full_grid,rgb_0905.png,0.008750000000000008,0.22200000000000003,0.43,180
full_grid,rgb_0906.png,0.03437500000000002,0.22200000000000003,0.43,180
full_grid,rgb_0907.png,0.060000000000000026,0.22200000000000003,0.43,180
full_grid,rgb_0908.png,0.08562500000000003,0.22200000000000003,0.43,180
full_grid,rgb_0909.png,0.11125000000000004,0.22200000000000003,0.43,180
full_grid,rgb_0910.png,0.13687500000000005,0.22200000000000003,0.43,180
full_grid,rgb_0911.png,0.16250000000000006,0.22200000000000003,0.43,180
full_grid,rgb_0912.png,0.18812500000000007,0.22200000000000003,0.43,180
full_grid,rgb_0913.png,0.21375000000000008,0.22200000000000003,0.43,180
full_grid,rgb_0914.png,0.2393750000000001,0.22200000000000003,0.43,180
full_grid,rgb_0915.png,0.265,0.22200000000000003,0.43,180
full_grid,rgb_0916.png,0.290625,0.22200000000000003,0.43,180
full_grid,rgb_0917.png,0.31625000000000003,0.22200000000000003,0.43,180
full_grid,rgb_0918.png,0.34187500000000004,0.22200000000000003,0.43,180
full_grid,rgb_0919.png,0.36750000000000005,0.22200000000000003,0.43,180
full_grid,rgb_0920.png,0.39312500000000006,0.22200000000000003,0.43,180
full_grid,rgb_0921.png,0.41875000000000007,0.22200000000000003,0.43,180
full_grid,rgb_0922.png,0.4443750000000001,0.22200000000000003,0.43,180
full_grid,rgb_0923.png,0.47,0.22200000000000003,0.43,180
full_grid,rgb_0924.png,-0.35,0.24700000000000005,0.43,180
full_grid,rgb_0925.png,-0.32437499999999997,0.24700000000000005,0.43,180
full_grid,rgb_0926.png,-0.29874999999999996,0.24700000000000005,0.43,180
full_grid,rgb_0927.png,-0.27312499999999995,0.24700000000000005,0.43,180
full_grid,rgb_0928.png,-0.24749999999999997,0.24700000000000005,0.43,180
full_grid,rgb_0929.png,-0.22187499999999996,0.24700000000000005,0.43,180
full_grid,rgb_0930.png,-0.19625,0.24700000000000005,0.43,180
full_grid,rgb_0931.png,-0.170625,0.24700000000000005,0.43,180
full_grid,rgb_0932.png,-0.145,0.24700000000000005,0.43,180
full_grid,rgb_0933.png,-0.11937499999999998,0.24700000000000005,0.43,180
full_grid,rgb_0934.png,-0.09374999999999997,0.24700000000000005,0.43,180
full_grid,rgb_0935.png,-0.06812499999999996,0.24700000000000005,0.43,180
full_grid,rgb_0936.png,-0.04250000000000001,0.24700000000000005,0.43,180
full_grid,rgb_0937.png,-0.016875,0.24700000000000005,0.43,180
full_grid,rgb_0938.png,0.008750000000000008,0.24700000000000005,0.43,180
full_grid,rgb_0939.png,0.03437500000000002,0.24700000000000005,0.43,180
full_grid,rgb_0940.png,0.060000000000000026,0.24700000000000005,0.43,180
full_grid,rgb_0941.png,0.08562500000000003,0.24700000000000005,0.43,180
full_grid,rgb_0942.png,0.11125000000000004,0.24700000000000005,0.43,180
full_grid,rgb_0943.png,0.13687500000000005,0.24700000000000005,0.43,180
full_grid,rgb_0944.png,0.16250000000000006,0.24700000000000005,0.43,180
full_grid,rgb_0945.png,0.18812500000000007,0.24700000000000005,0.43,180
full_grid,rgb_0946.png,0.21375000000000008,0.24700000000000005,0.43,180
full_grid,rgb_0947.png,0.2393750000000001,0.24700000000000005,0.43,180
full_grid,rgb_0948.png,0.265,0.24700000000000005,0.43,180
full_grid,rgb_0949.png,0.290625,0.24700000000000005,0.43,180
full_grid,rgb_0950.png,0.31625000000000003,0.24700000000000005,0.43,180
full_grid,rgb_0951.png,0.34187500000000004,0.24700000000000005,0.43,180
full_grid,rgb_0952.png,0.36750000000000005,0.24700000000000005,0.43,180
full_grid,rgb_0953.png,0.39312500000000006,0.24700000000000005,0.43,180
full_grid,rgb_0954.png,0.41875000000000007,0.24700000000000005,0.43,180
full_grid,rgb_0955.png,0.4443750000000001,0.24700000000000005,0.43,180
full_grid,rgb_0956.png,0.47,0.24700000000000005,0.43,180
full_grid,rgb_0957.png,-0.35,0.2720000000000001,0.43,180
full_grid,rgb_0958.png,-0.32437499999999997,0.2720000000000001,0.43,180
full_grid,rgb_0959.png,-0.29874999999999996,0.2720000000000001,0.43,180
full_grid,rgb_0960.png,-0.27312499999999995,0.2720000000000001,0.43,180
full_grid,rgb_0961.png,-0.24749999999999997,0.2720000000000001,0.43,180
full_grid,rgb_0962.png,-0.22187499999999996,0.2720000000000001,0.43,180
full_grid,rgb_0963.png,-0.19625,0.2720000000000001,0.43,180
full_grid,rgb_0964.png,-0.170625,0.2720000000000001,0.43,180
full_grid,rgb_0965.png,-0.145,0.2720000000000001,0.43,180
full_grid,rgb_0966.png,-0.11937499999999998,0.2720000000000001,0.43,180
full_grid,rgb_0967.png,-0.09374999999999997,0.2720000000000001,0.43,180
full_grid,rgb_0968.png,-0.06812499999999996,0.2720000000000001,0.43,180
full_grid,rgb_0969.png,-0.04250000000000001,0.2720000000000001,0.43,180
full_grid,rgb_0970.png,-0.016875,0.2720000000000001,0.43,180
full_grid,rgb_0971.png,0.008750000000000008,0.2720000000000001,0.43,180
full_grid,rgb_0972.png,0.03437500000000002,0.2720000000000001,0.43,180
full_grid,rgb_0973.png,0.060000000000000026,0.2720000000000001,0.43,180
full_grid,rgb_0974.png,0.08562500000000003,0.2720000000000001,0.43,180
full_grid,rgb_0975.png,0.11125000000000004,0.2720000000000001,0.43,180
full_grid,rgb_0976.png,0.13687500000000005,0.2720000000000001,0.43,180
full_grid,rgb_0977.png,0.16250000000000006,0.2720000000000001,0.43,180
full_grid,rgb_0978.png,0.18812500000000007,0.2720000000000001,0.43,180
full_grid,rgb_0979.png,0.21375000000000008,0.2720000000000001,0.43,180
full_grid,rgb_0980.png,0.2393750000000001,0.2720000000000001,0.43,180
full_grid,rgb_0981.png,0.265,0.2720000000000001,0.43,180
full_grid,rgb_0982.png,0.290625,0.2720000000000001,0.43,180
full_grid,rgb_0983.png,0.31625000000000003,0.2720000000000001,0.43,180
full_grid,rgb_0984.png,0.34187500000000004,0.2720000000000001,0.43,180
full_grid,rgb_0985.png,0.36750000000000005,0.2720000000000001,0.43,180
full_grid,rgb_0986.png,0.39312500000000006,0.2720000000000001,0.43,180
full_grid,rgb_0987.png,0.41875000000000007,0.2720000000000001,0.43,180
full_grid,rgb_0988.png,0.4443750000000001,0.2720000000000001,0.43,180
full_grid,rgb_0989.png,0.47,0.2720000000000001,0.43,180
full_grid,rgb_0990.png,-0.35,0.297,0.43,180
full_grid,rgb_0991.png,-0.32437499999999997,0.297,0.43,180
full_grid,rgb_0992.png,-0.29874999999999996,0.297,0.43,180
full_grid,rgb_0993.png,-0.27312499999999995,0.297,0.43,180
full_grid,rgb_0994.png,-0.24749999999999997,0.297,0.43,180
full_grid,rgb_0995.png,-0.22187499999999996,0.297,0.43,180
full_grid,rgb_0996.png,-0.19625,0.297,0.43,180
full_grid,rgb_0997.png,-0.170625,0.297,0.43,180
full_grid,rgb_0998.png,-0.145,0.297,0.43,180
full_grid,rgb_0999.png,-0.11937499999999998,0.297,0.43,180
full_grid,rgb_1000.png,-0.09374999999999997,0.297,0.43,180
full_grid,rgb_1001.png,-0.06812499999999996,0.297,0.43,180
full_grid,rgb_1002.png,-0.04250000000000001,0.297,0.43,180
full_grid,rgb_1003.png,-0.016875,0.297,0.43,180
full_grid,rgb_1004.png,0.008750000000000008,0.297,0.43,180
full_grid,rgb_1005.png,0.03437500000000002,0.297,0.43,180
full_grid,rgb_1006.png,0.060000000000000026,0.297,0.43,180
full_grid,rgb_1007.png,0.08562500000000003,0.297,0.43,180
full_grid,rgb_1008.png,0.11125000000000004,0.297,0.43,180
full_grid,rgb_1009.png,0.13687500000000005,0.297,0.43,180
full_grid,rgb_1010.png,0.16250000000000006,0.297,0.43,180
full_grid,rgb_1011.png,0.18812500000000007,0.297,0.43,180
full_grid,rgb_1012.png,0.21375000000000008,0.297,0.43,180
full_grid,rgb_1013.png,0.2393750000000001,0.297,0.43,180
full_grid,rgb_1014.png,0.265,0.297,0.43,180
full_grid,rgb_1015.png,0.290625,0.297,0.43,180
full_grid,rgb_1016.png,0.31625000000000003,0.297,0.43,180
full_grid,rgb_1017.png,0.34187500000000004,0.297,0.43,180
full_grid,rgb_1018.png,0.36750000000000005,0.297,0.43,180
full_grid,rgb_1019.png,0.39312500000000006,0.297,0.43,180
full_grid,rgb_1020.png,0.41875000000000007,0.297,0.43,180
full_grid,rgb_1021.png,0.4443750000000001,0.297,0.43,180
full_grid,rgb_1022.png,0.47,0.297,0.43,180
full_grid,rgb_1023.png,-0.35,0.322,0.43,180
full_grid,rgb_1024.png,-0.32437499999999997,0.322,0.43,180
full_grid,rgb_1025.png,-0.29874999999999996,0.322,0.43,180
full_grid,rgb_1026.png,-0.27312499999999995,0.322,0.43,180
full_grid,rgb_1027.png,-0.24749999999999997,0.322,0.43,180
full_grid,rgb_1028.png,-0.22187499999999996,0.322,0.43,180
full_grid,rgb_1029.png,-0.19625,0.322,0.43,180
full_grid,rgb_1030.png,-0.170625,0.322,0.43,180
full_grid,rgb_1031.png,-0.145,0.322,0.43,180
full_grid,rgb_1032.png,-0.11937499999999998,0.322,0.43,180
full_grid,rgb_1033.png,-0.09374999999999997,0.322,0.43,180
full_grid,rgb_1034.png,-0.06812499999999996,0.322,0.43,180
full_grid,rgb_1035.png,-0.04250000000000001,0.322,0.43,180
full_grid,rgb_1036.png,-0.016875,0.322,0.43,180
full_grid,rgb_1037.png,0.008750000000000008,0.322,0.43,180
full_grid,rgb_1038.png,0.03437500000000002,0.322,0.43,180
full_grid,rgb_1039.png,0.060000000000000026,0.322,0.43,180
full_grid,rgb_1040.png,0.08562500000000003,0.322,0.43,180
full_grid,rgb_1041.png,0.11125000000000004,0.322,0.43,180
full_grid,rgb_1042.png,0.13687500000000005,0.322,0.43,180
full_grid,rgb_1043.png,0.16250000000000006,0.322,0.43,180
full_grid,rgb_1044.png,0.18812500000000007,0.322,0.43,180
full_grid,rgb_1045.png,0.21375000000000008,0.322,0.43,180
full_grid,rgb_1046.png,0.2393750000000001,0.322,0.43,180
full_grid,rgb_1047.png,0.265,0.322,0.43,180
full_grid,rgb_1048.png,0.290625,0.322,0.43,180
full_grid,rgb_1049.png,0.31625000000000003,0.322,0.43,180
full_grid,rgb_1050.png,0.34187500000000004,0.322,0.43,180
full_grid,rgb_1051.png,0.36750000000000005,0.322,0.43,180
full_grid,rgb_1052.png,0.39312500000000006,0.322,0.43,180
full_grid,rgb_1053.png,0.41875000000000007,0.322,0.43,180
full_grid,rgb_1054.png,0.4443750000000001,0.322,0.43,180
full_grid,rgb_1055.png,0.47,0.322,0.43,180
full_grid,rgb_1056.png,-0.35,0.34700000000000003,0.43,180
full_grid,rgb_1057.png,-0.32437499999999997,0.34700000000000003,0.43,180
full_grid,rgb_1058.png,-0.29874999999999996,0.34700000000000003,0.43,180
full_grid,rgb_1059.png,-0.27312499999999995,0.34700000000000003,0.43,180
full_grid,rgb_1060.png,-0.24749999999999997,0.34700000000000003,0.43,180
full_grid,rgb_1061.png,-0.22187499999999996,0.34700000000000003,0.43,180
full_grid,rgb_1062.png,-0.19625,0.34700000000000003,0.43,180
full_grid,rgb_1063.png,-0.170625,0.34700000000000003,0.43,180
full_grid,rgb_1064.png,-0.145,0.34700000000000003,0.43,180
full_grid,rgb_1065.png,-0.11937499999999998,0.34700000000000003,0.43,180
full_grid,rgb_1066.png,-0.09374999999999997,0.34700000000000003,0.43,180
full_grid,rgb_1067.png,-0.06812499999999996,0.34700000000000003,0.43,180
full_grid,rgb_1068.png,-0.04250000000000001,0.34700000000000003,0.43,180
full_grid,rgb_1069.png,-0.016875,0.34700000000000003,0.43,180
full_grid,rgb_1070.png,0.008750000000000008,0.34700000000000003,0.43,180
full_grid,rgb_1071.png,0.03437500000000002,0.34700000000000003,0.43,180
full_grid,rgb_1072.png,0.060000000000000026,0.34700000000000003,0.43,180
full_grid,rgb_1073.png,0.08562500000000003,0.34700000000000003,0.43,180
full_grid,rgb_1074.png,0.11125000000000004,0.34700000000000003,0.43,180
full_grid,rgb_1075.png,0.13687500000000005,0.34700000000000003,0.43,180
full_grid,rgb_1076.png,0.16250000000000006,0.34700000000000003,0.43,180
full_grid,rgb_1077.png,0.18812500000000007,0.34700000000000003,0.43,180
full_grid,rgb_1078.png,0.21375000000000008,0.34700000000000003,0.43,180
full_grid,rgb_1079.png,0.2393750000000001,0.34700000000000003,0.43,180
full_grid,rgb_1080.png,0.265,0.34700000000000003,0.43,180
full_grid,rgb_1081.png,0.290625,0.34700000000000003,0.43,180
full_grid,rgb_1082.png,0.31625000000000003,0.34700000000000003,0.43,180
full_grid,rgb_1083.png,0.34187500000000004,0.34700000000000003,0.43,180
full_grid,rgb_1084.png,0.36750000000000005,0.34700000000000003,0.43,180
full_grid,rgb_1085.png,0.39312500000000006,0.34700000000000003,0.43,180
full_grid,rgb_1086.png,0.41875000000000007,0.34700000000000003,0.43,180
full_grid,rgb_1087.png,0.4443750000000001,0.34700000000000003,0.43,180
full_grid,rgb_1088.png,0.47,0.34700000000000003,0.43,180
full_grid,rgb_1089.png,-0.35,0.37200000000000005,0.43,180
full_grid,rgb_1090.png,-0.32437499999999997,0.37200000000000005,0.43,180
full_grid,rgb_1091.png,-0.29874999999999996,0.37200000000000005,0.43,180
full_grid,rgb_1092.png,-0.27312499999999995,0.37200000000000005,0.43,180
full_grid,rgb_1093.png,-0.24749999999999997,0.37200000000000005,0.43,180
full_grid,rgb_1094.png,-0.22187499999999996,0.37200000000000005,0.43,180
full_grid,rgb_1095.png,-0.19625,0.37200000000000005,0.43,180
full_grid,rgb_1096.png,-0.170625,0.37200000000000005,0.43,180
full_grid,rgb_1097.png,-0.145,0.37200000000000005,0.43,180
full_grid,rgb_1098.png,-0.11937499999999998,0.37200000000000005,0.43,180
full_grid,rgb_1099.png,-0.09374999999999997,0.37200000000000005,0.43,180
full_grid,rgb_1100.png,-0.06812499999999996,0.37200000000000005,0.43,180
full_grid,rgb_1101.png,-0.04250000000000001,0.37200000000000005,0.43,180
full_grid,rgb_1102.png,-0.016875,0.37200000000000005,0.43,180
full_grid,rgb_1103.png,0.008750000000000008,0.37200000000000005,0.43,180
full_grid,rgb_1104.png,0.03437500000000002,0.37200000000000005,0.43,180
full_grid,rgb_1105.png,0.060000000000000026,0.37200000000000005,0.43,180
full_grid,rgb_1106.png,0.08562500000000003,0.37200000000000005,0.43,180
full_grid,rgb_1107.png,0.11125000000000004,0.37200000000000005,0.43,180
full_grid,rgb_1108.png,0.13687500000000005,0.37200000000000005,0.43,180
full_grid,rgb_1109.png,0.16250000000000006,0.37200000000000005,0.43,180
full_grid,rgb_1110.png,0.18812500000000007,0.37200000000000005,0.43,180
full_grid,rgb_1111.png,0.21375000000000008,0.37200000000000005,0.43,180
full_grid,rgb_1112.png,0.2393750000000001,0.37200000000000005,0.43,180
full_grid,rgb_1113.png,0.265,0.37200000000000005,0.43,180
full_grid,rgb_1114.png,0.290625,0.37200000000000005,0.43,180
full_grid,rgb_1115.png,0.31625000000000003,0.37200000000000005,0.43,180
full_grid,rgb_1116.png,0.34187500000000004,0.37200000000000005,0.43,180
full_grid,rgb_1117.png,0.36750000000000005,0.37200000000000005,0.43,180
full_grid,rgb_1118.png,0.39312500000000006,0.37200000000000005,0.43,180
full_grid,rgb_1119.png,0.41875000000000007,0.37200000000000005,0.43,180
full_grid,rgb_1120.png,0.4443750000000001,0.37200000000000005,0.43,180
full_grid,rgb_1121.png,0.47,0.37200000000000005,0.43,180
full_grid,rgb_1122.png,-0.35,0.3970000000000001,0.43,180
full_grid,rgb_1123.png,-0.32437499999999997,0.3970000000000001,0.43,180
full_grid,rgb_1124.png,-0.29874999999999996,0.3970000000000001,0.43,180
full_grid,rgb_1125.png,-0.27312499999999995,0.3970000000000001,0.43,180
full_grid,rgb_1126.png,-0.24749999999999997,0.3970000000000001,0.43,180
full_grid,rgb_1127.png,-0.22187499999999996,0.3970000000000001,0.43,180
full_grid,rgb_1128.png,-0.19625,0.3970000000000001,0.43,180
full_grid,rgb_1129.png,-0.170625,0.3970000000000001,0.43,180
full_grid,rgb_1130.png,-0.145,0.3970000000000001,0.43,180
full_grid,rgb_1131.png,-0.11937499999999998,0.3970000000000001,0.43,180
full_grid,rgb_1132.png,-0.09374999999999997,0.3970000000000001,0.43,180
full_grid,rgb_1133.png,-0.06812499999999996,0.3970000000000001,0.43,180
full_grid,rgb_1134.png,-0.04250000000000001,0.3970000000000001,0.43,180
full_grid,rgb_1135.png,-0.016875,0.3970000000000001,0.43,180
full_grid,rgb_1136.png,0.008750000000000008,0.3970000000000001,0.43,180
full_grid,rgb_1137.png,0.03437500000000002,0.3970000000000001,0.43,180
full_grid,rgb_1138.png,0.060000000000000026,0.3970000000000001,0.43,180
full_grid,rgb_1139.png,0.08562500000000003,0.3970000000000001,0.43,180
full_grid,rgb_1140.png,0.11125000000000004,0.3970000000000001,0.43,180
full_grid,rgb_1141.png,0.13687500000000005,0.3970000000000001,0.43,180
full_grid,rgb_1142.png,0.16250000000000006,0.3970000000000001,0.43,180
full_grid,rgb_1143.png,0.18812500000000007,0.3970000000000001,0.43,180
full_grid,rgb_1144.png,0.21375000000000008,0.3970000000000001,0.43,180
full_grid,rgb_1145.png,0.2393750000000001,0.3970000000000001,0.43,180
full_grid,rgb_1146.png,0.265,0.3970000000000001,0.43,180
full_grid,rgb_1147.png,0.290625,0.3970000000000001,0.43,180
full_grid,rgb_1148.png,0.31625000000000003,0.3970000000000001,0.43,180
full_grid,rgb_1149.png,0.34187500000000004,0.3970000000000001,0.43,180
full_grid,rgb_1150.png,0.36750000000000005,0.3970000000000001,0.43,180
full_grid,rgb_1151.png,0.39312500000000006,0.3970000000000001,0.43,180
full_grid,rgb_1152.png,0.41875000000000007,0.3970000000000001,0.43,180
full_grid,rgb_1153.png,0.4443750000000001,0.3970000000000001,0.43,180
full_grid,rgb_1154.png,0.47,0.3970000000000001,0.43,180
full_grid,rgb_1155.png,-0.35,0.422,0.43,180
full_grid,rgb_1156.png,-0.32437499999999997,0.422,0.43,180
full_grid,rgb_1157.png,-0.29874999999999996,0.422,0.43,180
full_grid,rgb_1158.png,-0.27312499999999995,0.422,0.43,180
full_grid,rgb_1159.png,-0.24749999999999997,0.422,0.43,180
full_grid,rgb_1160.png,-0.22187499999999996,0.422,0.43,180
full_grid,rgb_1161.png,-0.19625,0.422,0.43,180
full_grid,rgb_1162.png,-0.170625,0.422,0.43,180
full_grid,rgb_1163.png,-0.145,0.422,0.43,180
full_grid,rgb_1164.png,-0.11937499999999998,0.422,0.43,180
full_grid,rgb_1165.png,-0.09374999999999997,0.422,0.43,180
full_grid,rgb_1166.png,-0.06812499999999996,0.422,0.43,180
full_grid,rgb_1167.png,-0.04250000000000001,0.422,0.43,180
full_grid,rgb_1168.png,-0.016875,0.422,0.43,180
full_grid,rgb_1169.png,0.008750000000000008,0.422,0.43,180
full_grid,rgb_1170.png,0.03437500000000002,0.422,0.43,180
full_grid,rgb_1171.png,0.060000000000000026,0.422,0.43,180
full_grid,rgb_1172.png,0.08562500000000003,0.422,0.43,180
full_grid,rgb_1173.png,0.11125000000000004,0.422,0.43,180
full_grid,rgb_1174.png,0.13687500000000005,0.422,0.43,180
full_grid,rgb_1175.png,0.16250000000000006,0.422,0.43,180
full_grid,rgb_1176.png,0.18812500000000007,0.422,0.43,180
full_grid,rgb_1177.png,0.21375000000000008,0.422,0.43,180
full_grid,rgb_1178.png,0.2393750000000001,0.422,0.43,180
full_grid,rgb_1179.png,0.265,0.422,0.43,180
full_grid,rgb_1180.png,0.290625,0.422,0.43,180
full_grid,rgb_1181.png,0.31625000000000003,0.422,0.43,180
full_grid,rgb_1182.png,0.34187500000000004,0.422,0.43,180
full_grid,rgb_1183.png,0.36750000000000005,0.422,0.43,180
full_grid,rgb_1184.png,0.39312500000000006,0.422,0.43,180
full_grid,rgb_1185.png,0.41875000000000007,0.422,0.43,180
full_grid,rgb_1186.png,0.4443750000000001,0.422,0.43,180
full_grid,rgb_1187.png,0.47,0.422,0.43,180
full_grid,rgb_1188.png,-0.35,0.447,0.43,180
full_grid,rgb_1189.png,-0.32437499999999997,0.447,0.43,180
full_grid,rgb_1190.png,-0.29874999999999996,0.447,0.43,180
full_grid,rgb_1191.png,-0.27312499999999995,0.447,0.43,180
full_grid,rgb_1192.png,-0.24749999999999997,0.447,0.43,180
full_grid,rgb_1193.png,-0.22187499999999996,0.447,0.43,180
full_grid,rgb_1194.png,-0.19625,0.447,0.43,180
full_grid,rgb_1195.png,-0.170625,0.447,0.43,180
full_grid,rgb_1196.png,-0.145,0.447,0.43,180
full_grid,rgb_1197.png,-0.11937499999999998,0.447,0.43,180
full_grid,rgb_1198.png,-0.09374999999999997,0.447,0.43,180
full_grid,rgb_1199.png,-0.06812499999999996,0.447,0.43,180
full_grid,rgb_1200.png,-0.04250000000000001,0.447,0.43,180
full_grid,rgb_1201.png,-0.016875,0.447,0.43,180
full_grid,rgb_1202.png,0.008750000000000008,0.447,0.43,180
full_grid,rgb_1203.png,0.03437500000000002,0.447,0.43,180
full_grid,rgb_1204.png,0.060000000000000026,0.447,0.43,180
full_grid,rgb_1205.png,0.08562500000000003,0.447,0.43,180
full_grid,rgb_1206.png,0.11125000000000004,0.447,0.43,180
full_grid,rgb_1207.png,0.13687500000000005,0.447,0.43,180
full_grid,rgb_1208.png,0.16250000000000006,0.447,0.43,180
full_grid,rgb_1209.png,0.18812500000000007,0.447,0.43,180
full_grid,rgb_1210.png,0.21375000000000008,0.447,0.43,180
full_grid,rgb_1211.png,0.2393750000000001,0.447,0.43,180
full_grid,rgb_1212.png,0.265,0.447,0.43,180
full_grid,rgb_1213.png,0.290625,0.447,0.43,180
full_grid,rgb_1214.png,0.31625000000000003,0.447,0.43,180
full_grid,rgb_1215.png,0.34187500000000004,0.447,0.43,180
full_grid,rgb_1216.png,0.36750000000000005,0.447,0.43,180
full_grid,rgb_1217.png,0.39312500000000006,0.447,0.43,180
full_grid,rgb_1218.png,0.41875000000000007,0.447,0.43,180
full_grid,rgb_1219.png,0.4443750000000001,0.447,0.43,180
full_grid,rgb_1220.png,0.47,0.447,0.43,180
full_grid,rgb_1221.png,-0.35,0.47200000000000003,0.43,180
full_grid,rgb_1222.png,-0.32437499999999997,0.47200000000000003,0.43,180
full_grid,rgb_1223.png,-0.29874999999999996,0.47200000000000003,0.43,180
full_grid,rgb_1224.png,-0.27312499999999995,0.47200000000000003,0.43,180
full_grid,rgb_1225.png,-0.24749999999999997,0.47200000000000003,0.43,180
full_grid,rgb_1226.png,-0.22187499999999996,0.47200000000000003,0.43,180
full_grid,rgb_1227.png,-0.19625,0.47200000000000003,0.43,180
full_grid,rgb_1228.png,-0.170625,0.47200000000000003,0.43,180
full_grid,rgb_1229.png,-0.145,0.47200000000000003,0.43,180
full_grid,rgb_1230.png,-0.11937499999999998,0.47200000000000003,0.43,180
full_grid,rgb_1231.png,-0.09374999999999997,0.47200000000000003,0.43,180
full_grid,rgb_1232.png,-0.06812499999999996,0.47200000000000003,0.43,180
full_grid,rgb_1233.png,-0.04250000000000001,0.47200000000000003,0.43,180
full_grid,rgb_1234.png,-0.016875,0.47200000000000003,0.43,180
full_grid,rgb_1235.png,0.008750000000000008,0.47200000000000003,0.43,180
full_grid,rgb_1236.png,0.03437500000000002,0.47200000000000003,0.43,180
full_grid,rgb_1237.png,0.060000000000000026,0.47200000000000003,0.43,180
full_grid,rgb_1238.png,0.08562500000000003,0.47200000000000003,0.43,180
full_grid,rgb_1239.png,0.11125000000000004,0.47200000000000003,0.43,180
full_grid,rgb_1240.png,0.13687500000000005,0.47200000000000003,0.43,180
full_grid,rgb_1241.png,0.16250000000000006,0.47200000000000003,0.43,180
full_grid,rgb_1242.png,0.18812500000000007,0.47200000000000003,0.43,180
full_grid,rgb_1243.png,0.21375000000000008,0.47200000000000003,0.43,180
full_grid,rgb_1244.png,0.2393750000000001,0.47200000000000003,0.43,180
full_grid,rgb_1245.png,0.265,0.47200000000000003,0.43,180
full_grid,rgb_1246.png,0.290625,0.47200000000000003,0.43,180
full_grid,rgb_1247.png,0.31625000000000003,0.47200000000000003,0.43,180
full_grid,rgb_1248.png,0.34187500000000004,0.47200000000000003,0.43,180
full_grid,rgb_1249.png,0.36750000000000005,0.47200000000000003,0.43,180
full_grid,rgb_1250.png,0.39312500000000006,0.47200000000000003,0.43,180
full_grid,rgb_1251.png,0.41875000000000007,0.47200000000000003,0.43,180
full_grid,rgb_1252.png,0.4443750000000001,0.47200000000000003,0.43,180
full_grid,rgb_1253.png,0.47,0.47200000000000003,0.43,180
full_grid,rgb_1254.png,-0.35,0.497,0.43,180
full_grid,rgb_1255.png,-0.32437499999999997,0.497,0.43,180
full_grid,rgb_1256.png,-0.29874999999999996,0.497,0.43,180
full_grid,rgb_1257.png,-0.27312499999999995,0.497,0.43,180
full_grid,rgb_1258.png,-0.24749999999999997,0.497,0.43,180
full_grid,rgb_1259.png,-0.22187499999999996,0.497,0.43,180
full_grid,rgb_1260.png,-0.19625,0.497,0.43,180
full_grid,rgb_1261.png,-0.170625,0.497,0.43,180
full_grid,rgb_1262.png,-0.145,0.497,0.43,180
full_grid,rgb_1263.png,-0.11937499999999998,0.497,0.43,180
full_grid,rgb_1264.png,-0.09374999999999997,0.497,0.43,180
full_grid,rgb_1265.png,-0.06812499999999996,0.497,0.43,180
full_grid,rgb_1266.png,-0.04250000000000001,0.497,0.43,180
full_grid,rgb_1267.png,-0.016875,0.497,0.43,180
full_grid,rgb_1268.png,0.008750000000000008,0.497,0.43,180
full_grid,rgb_1269.png,0.03437500000000002,0.497,0.43,180
full_grid,rgb_1270.png,0.060000000000000026,0.497,0.43,180
full_grid,rgb_1271.png,0.08562500000000003,0.497,0.43,180
full_grid,rgb_1272.png,0.11125000000000004,0.497,0.43,180
full_grid,rgb_1273.png,0.13687500000000005,0.497,0.43,180
full_grid,rgb_1274.png,0.16250000000000006,0.497,0.43,180
full_grid,rgb_1275.png,0.18812500000000007,0.497,0.43,180
full_grid,rgb_1276.png,0.21375000000000008,0.497,0.43,180
full_grid,rgb_1277.png,0.2393750000000001,0.497,0.43,180
full_grid,rgb_1278.png,0.265,0.497,0.43,180
full_grid,rgb_1279.png,0.290625,0.497,0.43,180
full_grid,rgb_1280.png,0.31625000000000003,0.497,0.43,180
full_grid,rgb_1281.png,0.34187500000000004,0.497,0.43,180
full_grid,rgb_1282.png,0.36750000000000005,0.497,0.43,180
full_grid,rgb_1283.png,0.39312500000000006,0.497,0.43,180
full_grid,rgb_1284.png,0.41875000000000007,0.497,0.43,180
full_grid,rgb_1285.png,0.4443750000000001,0.497,0.43,180
full_grid,rgb_1286.png,0.47,0.497,0.43,180
full_grid,rgb_1287.png,-0.35,0.5220000000000001,0.43,180
full_grid,rgb_1288.png,-0.32437499999999997,0.5220000000000001,0.43,180
full_grid,rgb_1289.png,-0.29874999999999996,0.5220000000000001,0.43,180
full_grid,rgb_1290.png,-0.27312499999999995,0.5220000000000001,0.43,180
full_grid,rgb_1291.png,-0.24749999999999997,0.5220000000000001,0.43,180
full_grid,rgb_1292.png,-0.22187499999999996,0.5220000000000001,0.43,180
full_grid,rgb_1293.png,-0.19625,0.5220000000000001,0.43,180
full_grid,rgb_1294.png,-0.170625,0.5220000000000001,0.43,180
full_grid,rgb_1295.png,-0.145,0.5220000000000001,0.43,180
full_grid,rgb_1296.png,-0.11937499999999998,0.5220000000000001,0.43,180
full_grid,rgb_1297.png,-0.09374999999999997,0.5220000000000001,0.43,180
full_grid,rgb_1298.png,-0.06812499999999996,0.5220000000000001,0.43,180
full_grid,rgb_1299.png,-0.04250000000000001,0.5220000000000001,0.43,180
full_grid,rgb_1300.png,-0.016875,0.5220000000000001,0.43,180
full_grid,rgb_1301.png,0.008750000000000008,0.5220000000000001,0.43,180
full_grid,rgb_1302.png,0.03437500000000002,0.5220000000000001,0.43,180
full_grid,rgb_1303.png,0.060000000000000026,0.5220000000000001,0.43,180
full_grid,rgb_1304.png,0.08562500000000003,0.5220000000000001,0.43,180
full_grid,rgb_1305.png,0.11125000000000004,0.5220000000000001,0.43,180
full_grid,rgb_1306.png,0.13687500000000005,0.5220000000000001,0.43,180
full_grid,rgb_1307.png,0.16250000000000006,0.5220000000000001,0.43,180
full_grid,rgb_1308.png,0.18812500000000007,0.5220000000000001,0.43,180
full_grid,rgb_1309.png,0.21375000000000008,0.5220000000000001,0.43,180
full_grid,rgb_1310.png,0.2393750000000001,0.5220000000000001,0.43,180
full_grid,rgb_1311.png,0.265,0.5220000000000001,0.43,180
full_grid,rgb_1312.png,0.290625,0.5220000000000001,0.43,180
full_grid,rgb_1313.png,0.31625000000000003,0.5220000000000001,0.43,180
full_grid,rgb_1314.png,0.34187500000000004,0.5220000000000001,0.43,180
full_grid,rgb_1315.png,0.36750000000000005,0.5220000000000001,0.43,180
full_grid,rgb_1316.png,0.39312500000000006,0.5220000000000001,0.43,180
full_grid,rgb_1317.png,0.41875000000000007,0.5220000000000001,0.43,180
full_grid,rgb_1318.png,0.4443750000000001,0.5220000000000001,0.43,180
full_grid,rgb_1319.png,0.47,0.5220000000000001,0.43,180
full_grid,rgb_1320.png,-0.35,0.547,0.43,180
full_grid,rgb_1321.png,-0.32437499999999997,0.547,0.43,180
full_grid,rgb_1322.png,-0.29874999999999996,0.547,0.43,180
full_grid,rgb_1323.png,-0.27312499999999995,0.547,0.43,180
full_grid,rgb_1324.png,-0.24749999999999997,0.547,0.43,180
full_grid,rgb_1325.png,-0.22187499999999996,0.547,0.43,180
full_grid,rgb_1326.png,-0.19625,0.547,0.43,180
full_grid,rgb_1327.png,-0.170625,0.547,0.43,180
full_grid,rgb_1328.png,-0.145,0.547,0.43,180
full_grid,rgb_1329.png,-0.11937499999999998,0.547,0.43,180
full_grid,rgb_1330.png,-0.09374999999999997,0.547,0.43,180
full_grid,rgb_1331.png,-0.06812499999999996,0.547,0.43,180
full_grid,rgb_1332.png,-0.04250000000000001,0.547,0.43,180
full_grid,rgb_1333.png,-0.016875,0.547,0.43,180
full_grid,rgb_1334.png,0.008750000000000008,0.547,0.43,180
full_grid,rgb_1335.png,0.03437500000000002,0.547,0.43,180
full_grid,rgb_1336.png,0.060000000000000026,0.547,0.43,180
full_grid,rgb_1337.png,0.08562500000000003,0.547,0.43,180
full_grid,rgb_1338.png,0.11125000000000004,0.547,0.43,180
full_grid,rgb_1339.png,0.13687500000000005,0.547,0.43,180
full_grid,rgb_1340.png,0.16250000000000006,0.547,0.43,180
full_grid,rgb_1341.png,0.18812500000000007,0.547,0.43,180
full_grid,rgb_1342.png,0.21375000000000008,0.547,0.43,180
full_grid,rgb_1343.png,0.2393750000000001,0.547,0.43,180
full_grid,rgb_1344.png,0.265,0.547,0.43,180
full_grid,rgb_1345.png,0.290625,0.547,0.43,180
full_grid,rgb_1346.png,0.31625000000000003,0.547,0.43,180
full_grid,rgb_1347.png,0.34187500000000004,0.547,0.43,180
full_grid,rgb_1348.png,0.36750000000000005,0.547,0.43,180
full_grid,rgb_1349.png,0.39312500000000006,0.547,0.43,180
full_grid,rgb_1350.png,0.41875000000000007,0.547,0.43,180
full_grid,rgb_1351.png,0.4443750000000001,0.547,0.43,180
full_grid,rgb_1352.png,0.47,0.547,0.43,180
full_grid,rgb_1353.png,-0.35,0.5720000000000002,0.43,180
full_grid,rgb_1354.png,-0.32437499999999997,0.5720000000000002,0.43,180
full_grid,rgb_1355.png,-0.29874999999999996,0.5720000000000002,0.43,180
full_grid,rgb_1356.png,-0.27312499999999995,0.5720000000000002,0.43,180
full_grid,rgb_1357.png,-0.24749999999999997,0.5720000000000002,0.43,180
full_grid,rgb_1358.png,-0.22187499999999996,0.5720000000000002,0.43,180
full_grid,rgb_1359.png,-0.19625,0.5720000000000002,0.43,180
full_grid,rgb_1360.png,-0.170625,0.5720000000000002,0.43,180
full_grid,rgb_1361.png,-0.145,0.5720000000000002,0.43,180
full_grid,rgb_1362.png,-0.11937499999999998,0.5720000000000002,0.43,180
full_grid,rgb_1363.png,-0.09374999999999997,0.5720000000000002,0.43,180
full_grid,rgb_1364.png,-0.06812499999999996,0.5720000000000002,0.43,180
full_grid,rgb_1365.png,-0.04250000000000001,0.5720000000000002,0.43,180
full_grid,rgb_1366.png,-0.016875,0.5720000000000002,0.43,180
full_grid,rgb_1367.png,0.008750000000000008,0.5720000000000002,0.43,180
full_grid,rgb_1368.png,0.03437500000000002,0.5720000000000002,0.43,180
full_grid,rgb_1369.png,0.060000000000000026,0.5720000000000002,0.43,180
full_grid,rgb_1370.png,0.08562500000000003,0.5720000000000002,0.43,180
full_grid,rgb_1371.png,0.11125000000000004,0.5720000000000002,0.43,180
full_grid,rgb_1372.png,0.13687500000000005,0.5720000000000002,0.43,180
full_grid,rgb_1373.png,0.16250000000000006,0.5720000000000002,0.43,180
full_grid,rgb_1374.png,0.18812500000000007,0.5720000000000002,0.43,180
full_grid,rgb_1375.png,0.21375000000000008,0.5720000000000002,0.43,180
full_grid,rgb_1376.png,0.2393750000000001,0.5720000000000002,0.43,180
full_grid,rgb_1377.png,0.265,0.5720000000000002,0.43,180
full_grid,rgb_1378.png,0.290625,0.5720000000000002,0.43,180
full_grid,rgb_1379.png,0.31625000000000003,0.5720000000000002,0.43,180
full_grid,rgb_1380.png,0.34187500000000004,0.5720000000000002,0.43,180
full_grid,rgb_1381.png,0.36750000000000005,0.5720000000000002,0.43,180
full_grid,rgb_1382.png,0.39312500000000006,0.5720000000000002,0.43,180
full_grid,rgb_1383.png,0.41875000000000007,0.5720000000000002,0.43,180
full_grid,rgb_1384.png,0.4443750000000001,0.5720000000000002,0.43,180
full_grid,rgb_1385.png,0.47,0.5720000000000002,0.43,180
full_grid,rgb_1386.png,-0.35,0.5970000000000001,0.43,180
full_grid,rgb_1387.png,-0.32437499999999997,0.5970000000000001,0.43,180
full_grid,rgb_1388.png,-0.29874999999999996,0.5970000000000001,0.43,180
full_grid,rgb_1389.png,-0.27312499999999995,0.5970000000000001,0.43,180
full_grid,rgb_1390.png,-0.24749999999999997,0.5970000000000001,0.43,180
full_grid,rgb_1391.png,-0.22187499999999996,0.5970000000000001,0.43,180
full_grid,rgb_1392.png,-0.19625,0.5970000000000001,0.43,180
full_grid,rgb_1393.png,-0.170625,0.5970000000000001,0.43,180
full_grid,rgb_1394.png,-0.145,0.5970000000000001,0.43,180
full_grid,rgb_1395.png,-0.11937499999999998,0.5970000000000001,0.43,180
full_grid,rgb_1396.png,-0.09374999999999997,0.5970000000000001,0.43,180
full_grid,rgb_1397.png,-0.06812499999999996,0.5970000000000001,0.43,180
full_grid,rgb_1398.png,-0.04250000000000001,0.5970000000000001,0.43,180
full_grid,rgb_1399.png,-0.016875,0.5970000000000001,0.43,180
full_grid,rgb_1400.png,0.008750000000000008,0.5970000000000001,0.43,180
full_grid,rgb_1401.png,0.03437500000000002,0.5970000000000001,0.43,180
full_grid,rgb_1402.png,0.060000000000000026,0.5970000000000001,0.43,180
full_grid,rgb_1403.png,0.08562500000000003,0.5970000000000001,0.43,180
full_grid,rgb_1404.png,0.11125000000000004,0.5970000000000001,0.43,180
full_grid,rgb_1405.png,0.13687500000000005,0.5970000000000001,0.43,180
full_grid,rgb_1406.png,0.16250000000000006,0.5970000000000001,0.43,180
full_grid,rgb_1407.png,0.18812500000000007,0.5970000000000001,0.43,180
full_grid,rgb_1408.png,0.21375000000000008,0.5970000000000001,0.43,180
full_grid,rgb_1409.png,0.2393750000000001,0.5970000000000001,0.43,180
full_grid,rgb_1410.png,0.265,0.5970000000000001,0.43,180
full_grid,rgb_1411.png,0.290625,0.5970000000000001,0.43,180
full_grid,rgb_1412.png,0.31625000000000003,0.5970000000000001,0.43,180
full_grid,rgb_1413.png,0.34187500000000004,0.5970000000000001,0.43,180
full_grid,rgb_1414.png,0.36750000000000005,0.5970000000000001,0.43,180
full_grid,rgb_1415.png,0.39312500000000006,0.5970000000000001,0.43,180
full_grid,rgb_1416.png,0.41875000000000007,0.5970000000000001,0.43,180
full_grid,rgb_1417.png,0.4443750000000001,0.5970000000000001,0.43,180
full_grid,rgb_1418.png,0.47,0.5970000000000001,0.43,180
full_grid,rgb_1419.png,-0.35,0.622,0.43,180
full_grid,rgb_1420.png,-0.32437499999999997,0.622,0.43,180
full_grid,rgb_1421.png,-0.29874999999999996,0.622,0.43,180
full_grid,rgb_1422.png,-0.27312499999999995,0.622,0.43,180
full_grid,rgb_1423.png,-0.24749999999999997,0.622,0.43,180
full_grid,rgb_1424.png,-0.22187499999999996,0.622,0.43,180
full_grid,rgb_1425.png,-0.19625,0.622,0.43,180
full_grid,rgb_1426.png,-0.170625,0.622,0.43,180
full_grid,rgb_1427.png,-0.145,0.622,0.43,180
full_grid,rgb_1428.png,-0.11937499999999998,0.622,0.43,180
full_grid,rgb_1429.png,-0.09374999999999997,0.622,0.43,180
full_grid,rgb_1430.png,-0.06812499999999996,0.622,0.43,180
full_grid,rgb_1431.png,-0.04250000000000001,0.622,0.43,180
full_grid,rgb_1432.png,-0.016875,0.622,0.43,180
full_grid,rgb_1433.png,0.008750000000000008,0.622,0.43,180
full_grid,rgb_1434.png,0.03437500000000002,0.622,0.43,180
full_grid,rgb_1435.png,0.060000000000000026,0.622,0.43,180
full_grid,rgb_1436.png,0.08562500000000003,0.622,0.43,180
full_grid,rgb_1437.png,0.11125000000000004,0.622,0.43,180
full_grid,rgb_1438.png,0.13687500000000005,0.622,0.43,180
full_grid,rgb_1439.png,0.16250000000000006,0.622,0.43,180
full_grid,rgb_1440.png,0.18812500000000007,0.622,0.43,180
full_grid,rgb_1441.png,0.21375000000000008,0.622,0.43,180
full_grid,rgb_1442.png,0.2393750000000001,0.622,0.43,180
full_grid,rgb_1443.png,0.265,0.622,0.43,180
full_grid,rgb_1444.png,0.290625,0.622,0.43,180
full_grid,rgb_1445.png,0.31625000000000003,0.622,0.43,180
full_grid,rgb_1446.png,0.34187500000000004,0.622,0.43,180
full_grid,rgb_1447.png,0.36750000000000005,0.622,0.43,180
full_grid,rgb_1448.png,0.39312500000000006,0.622,0.43,180
full_grid,rgb_1449.png,0.41875000000000007,0.622,0.43,180
full_grid,rgb_1450.png,0.4443750000000001,0.622,0.43,180
full_grid,rgb_1451.png,0.47,0.622,0.43,180
full_grid,rgb_1452.png,-0.35,0.647,0.43,180
full_grid,rgb_1453.png,-0.32437499999999997,0.647,0.43,180
full_grid,rgb_1454.png,-0.29874999999999996,0.647,0.43,180
full_grid,rgb_1455.png,-0.27312499999999995,0.647,0.43,180
full_grid,rgb_1456.png,-0.24749999999999997,0.647,0.43,180
full_grid,rgb_1457.png,-0.22187499999999996,0.647,0.43,180
full_grid,rgb_1458.png,-0.19625,0.647,0.43,180
full_grid,rgb_1459.png,-0.170625,0.647,0.43,180
full_grid,rgb_1460.png,-0.145,0.647,0.43,180
full_grid,rgb_1461.png,-0.11937499999999998,0.647,0.43,180
full_grid,rgb_1462.png,-0.09374999999999997,0.647,0.43,180
full_grid,rgb_1463.png,-0.06812499999999996,0.647,0.43,180
full_grid,rgb_1464.png,-0.04250000000000001,0.647,0.43,180
full_grid,rgb_1465.png,-0.016875,0.647,0.43,180
full_grid,rgb_1466.png,0.008750000000000008,0.647,0.43,180
full_grid,rgb_1467.png,0.03437500000000002,0.647,0.43,180
full_grid,rgb_1468.png,0.060000000000000026,0.647,0.43,180
full_grid,rgb_1469.png,0.08562500000000003,0.647,0.43,180
full_grid,rgb_1470.png,0.11125000000000004,0.647,0.43,180
full_grid,rgb_1471.png,0.13687500000000005,0.647,0.43,180
full_grid,rgb_1472.png,0.16250000000000006,0.647,0.43,180
full_grid,rgb_1473.png,0.18812500000000007,0.647,0.43,180
full_grid,rgb_1474.png,0.21375000000000008,0.647,0.43,180
full_grid,rgb_1475.png,0.2393750000000001,0.647,0.43,180
full_grid,rgb_1476.png,0.265,0.647,0.43,180
full_grid,rgb_1477.png,0.290625,0.647,0.43,180
full_grid,rgb_1478.png,0.31625000000000003,0.647,0.43,180
full_grid,rgb_1479.png,0.34187500000000004,0.647,0.43,180
full_grid,rgb_1480.png,0.36750000000000005,0.647,0.43,180
full_grid,rgb_1481.png,0.39312500000000006,0.647,0.43,180
full_grid,rgb_1482.png,0.41875000000000007,0.647,0.43,180
full_grid,rgb_1483.png,0.4443750000000001,0.647,0.43,180
full_grid,rgb_1484.png,0.47,0.647,0.43,180
