Episode,TotalReward,Epsilon
1,-0.041502212773305236,0.8307187014821328
2,-0.010961871041654692,0.5032248303978422
3,-0.013878734155091998,0.30483872516307353
4,-0.015967671657785787,0.1846622876013121
5,-0.005440399165893117,0.11186295456362313
6,-0.011372025109680717,0.0996820918179746
7,-0.01957098823028569,0.0996820918179746
8,-0.005174317260111971,0.0996820918179746
9,-0.00977451596070511,0.0996820918179746
10,-0.01345127828207604,0.0996820918179746
11,0.0011167165063391549,0.0996820918179746
12,-0.008557780414221283,0.0996820918179746
13,-0.0006804171148682148,0.0996820918179746
14,0.0014087374239667438,0.0996820918179746
15,-0.0008452711355120268,0.0996820918179746
16,-0.005525109124106531,0.0996820918179746
17,-0.0075145609237806665,0.0996820918179746
18,0.0009717847636282473,0.0996820918179746
19,-0.014874985021818832,0.0996820918179746
20,0.015445947405906657,0.0996820918179746
21,0.00128691030923489,0.0996820918179746
22,-0.008915200014437907,0.0996820918179746
23,-0.002424843985730951,0.0996820918179746
24,-1.833999296607658e-05,0.0996820918179746
25,0.00015217053244898082,0.0996820918179746
26,0.002793387555271254,0.0996820918179746
27,0.007825473722732568,0.0996820918179746
28,0.001889140852956439,0.0996820918179746
29,0.0047049575986098935,0.0996820918179746
30,0.015376985417110967,0.0996820918179746
31,-0.007019030284024286,0.0996820918179746
32,0.019942737472515515,0.0996820918179746
33,-0.009967913522294758,0.0996820918179746
34,0.014719601178945885,0.0996820918179746
35,-0.0025133499053916486,0.0996820918179746
36,0.0027282492528559743,0.0996820918179746
37,-0.0044846587512432645,0.0996820918179746
38,0.000999872669722568,0.0996820918179746
39,0.00753371156349969,0.0996820918179746
40,-0.0013972205063430554,0.0996820918179746
41,-0.007774822323289854,0.0996820918179746
42,0.009346174130274831,0.0996820918179746
43,-0.007070688370986344,0.0996820918179746
44,0.02215461815473141,0.0996820918179746
45,-0.0004226283687112087,0.0996820918179746
46,0.005440654537761214,0.0996820918179746
47,-0.0026516936776541655,0.0996820918179746
48,0.005339007801878348,0.0996820918179746
49,0.012642907035499862,0.0996820918179746
50,-0.006175727480412618,0.0996820918179746
51,-0.006808741117734107,0.0996820918179746
52,-0.0011541332275507576,0.0996820918179746
53,0.0008639053161951793,0.0996820918179746
54,-0.0040388926697843,0.0996820918179746
55,0.012077493642772996,0.0996820918179746
56,0.01393691438944078,0.0996820918179746
57,-0.00997304009546851,0.0996820918179746
58,0.0011680947313581491,0.0996820918179746
59,-0.0019031918185685726,0.0996820918179746
60,0.005812152453378294,0.0996820918179746
61,0.010116790902542694,0.0996820918179746
62,-0.006444226491827965,0.0996820918179746
63,-0.0023538110628488207,0.0996820918179746
64,0.0037348581594185415,0.0996820918179746
65,0.0031337177898899116,0.0996820918179746
66,0.006132707662235726,0.0996820918179746
67,0.019665928810996602,0.0996820918179746
68,0.005789359172254094,0.0996820918179746
69,-0.00044972521327035775,0.0996820918179746
70,0.009305903700219442,0.0996820918179746
71,0.001891097758904059,0.0996820918179746
72,0.0011623180808838507,0.0996820918179746
73,-0.005897305870258718,0.0996820918179746
74,0.013583034628414925,0.0996820918179746
75,0.019391881348598594,0.0996820918179746
76,0.01567001963364323,0.0996820918179746
77,0.007229010264279467,0.0996820918179746
78,0.012933044927355364,0.0996820918179746
79,-0.007924571357771582,0.0996820918179746
80,-0.00041382371215126224,0.0996820918179746
81,-0.0012672323932818585,0.0996820918179746
82,0.013439329000887845,0.0996820918179746
83,-0.006679349617065844,0.0996820918179746
84,0.01002627299267711,0.0996820918179746
85,0.013703681613839613,0.0996820918179746
86,0.026303508925457186,0.0996820918179746
87,-0.009007773414084208,0.0996820918179746
88,0.0027618317147379834,0.0996820918179746
89,-0.0006788477377839275,0.0996820918179746
90,0.022245048096250053,0.0996820918179746
91,0.011130596860760011,0.0996820918179746
92,0.008426269828308852,0.0996820918179746
93,0.018002246829227464,0.0996820918179746
94,0.011832117922733976,0.0996820918179746
95,0.021280587104274495,0.0996820918179746
96,-0.0010194121136947176,0.0996820918179746
97,-0.0033755153950661976,0.0996820918179746
98,0.00520808223255842,0.0996820918179746
99,-0.002893628920289215,0.0996820918179746
100,0.009542817779139456,0.0996820918179746
101,0.004422164113015992,0.0996820918179746
102,-0.0029679969978456677,0.0996820918179746
103,-0.004850251676356776,0.0996820918179746
104,0.0029826862137657395,0.0996820918179746
105,0.008055749043262672,0.0996820918179746
106,0.006312868069986766,0.0996820918179746
107,-0.015365388557910808,0.0996820918179746
108,0.012267587634206323,0.0996820918179746
109,0.004127978208451788,0.0996820918179746
110,-0.010151623477998584,0.0996820918179746
111,0.009770607537173515,0.0996820918179746
112,0.013662735290560502,0.0996820918179746
113,-0.00727429816931302,0.0996820918179746
114,0.010593929921425493,0.0996820918179746
115,0.010411210345153243,0.0996820918179746
116,0.02308550914273777,0.0996820918179746
117,0.008360721537843063,0.0996820918179746
118,0.0158684827711566,0.0996820918179746
119,0.029003279034372165,0.0996820918179746
120,0.029024841770388665,0.0996820918179746
121,0.02623521833782938,0.0996820918179746
122,0.012463781477158764,0.0996820918179746
123,0.012514534535840283,0.0996820918179746
124,0.008039238946345728,0.0996820918179746
125,-0.005527854110579766,0.0996820918179746
126,0.04175303940871966,0.0996820918179746
127,-0.016781252209696174,0.0996820918179746
128,-0.010748777690505418,0.0996820918179746
129,-0.013092291572843084,0.0996820918179746
130,-0.0251219890158636,0.0996820918179746
131,-0.0165419357847032,0.0996820918179746
132,0.0013626457516502377,0.0996820918179746
133,0.0052807564937804585,0.0996820918179746
134,0.016423391235861562,0.0996820918179746
135,0.0103284680562441,0.0996820918179746
136,0.023518577972372112,0.0996820918179746
137,-0.014634828232080066,0.0996820918179746
138,0.01367652458657509,0.0996820918179746
139,-0.008692108450810587,0.0996820918179746
140,0.004599406751035762,0.0996820918179746
141,-5.467259840441496e-05,0.0996820918179746
142,-3.816475229501126e-05,0.0996820918179746
143,0.009769246685164101,0.0996820918179746
144,0.009161552627587999,0.0996820918179746
145,0.011355618915813825,0.0996820918179746
146,0.00887230034104125,0.0996820918179746
147,0.001906007484335226,0.0996820918179746
148,-0.025454950395148,0.0996820918179746
149,0.010207210344442053,0.0996820918179746
150,-0.019083138208347172,0.0996820918179746
151,-0.027907299109753536,0.0996820918179746
152,-0.008912851930399035,0.0996820918179746
153,-0.01766731293312085,0.0996820918179746
154,-0.00731142379843186,0.0996820918179746
155,0.014575335118296673,0.0996820918179746
156,-0.008341819459251054,0.0996820918179746
157,-0.008068093534044252,0.0996820918179746
158,0.007918614055414941,0.0996820918179746
159,-0.0002731130149021821,0.0996820918179746
160,-0.008403955131229601,0.0996820918179746
161,0.0020794746567688316,0.0996820918179746
162,-0.019172252073465845,0.0996820918179746
163,0.005195367676058549,0.0996820918179746
164,0.007636779424941897,0.0996820918179746
165,-0.020415097439477448,0.0996820918179746
166,-0.012266758229277808,0.0996820918179746
167,-0.016280781780184106,0.0996820918179746
168,-0.006300500531988273,0.0996820918179746
169,0.014709514435652271,0.0996820918179746
170,-0.01974284255981673,0.0996820918179746
171,-0.0006880212054979351,0.0996820918179746
172,-0.02866972233307452,0.0996820918179746
173,-0.017589957257624023,0.0996820918179746
174,-0.014036987909094578,0.0996820918179746
175,0.018665743670804424,0.0996820918179746
176,-0.03476713424984135,0.0996820918179746
177,0.0085982354862838,0.0996820918179746
178,0.013916068557564887,0.0996820918179746
179,-0.008519678027271271,0.0996820918179746
180,-0.019497883046523667,0.0996820918179746
181,0.007515742058060937,0.0996820918179746
182,-0.006568721964579027,0.0996820918179746
183,-0.010099154360664886,0.0996820918179746
184,0.006490367903344341,0.0996820918179746
185,0.0003305132490972751,0.0996820918179746
186,-0.00012496263725014778,0.0996820918179746
187,-0.014431799251441113,0.0996820918179746
188,0.013606605574153163,0.0996820918179746
189,-0.004256434092408612,0.0996820918179746
190,-0.01009475081361233,0.0996820918179746
191,-0.013617179808297353,0.0996820918179746
192,0.001901574949275675,0.0996820918179746
193,-0.014808307248170505,0.0996820918179746
194,-0.00013469098957863412,0.0996820918179746
195,-0.009418456688714771,0.0996820918179746
196,-0.006540518689322594,0.0996820918179746
197,-0.01568840640003366,0.0996820918179746
198,-0.019873917464077295,0.0996820918179746
199,0.017243263635637662,0.0996820918179746
200,-0.014342379286340079,0.0996820918179746
201,-0.029924276321706467,0.0996820918179746
202,-0.030416488953802556,0.0996820918179746
203,-0.027023124368000917,0.0996820918179746
204,-0.009565644339157187,0.0996820918179746
205,-0.021946129945238035,0.0996820918179746
206,-0.018144470440031202,0.0996820918179746
207,-0.022188556319356345,0.0996820918179746
208,-0.01281927115901349,0.0996820918179746
209,-0.01239376428309047,0.0996820918179746
210,-0.010115522963937917,0.0996820918179746
211,-0.035021347106851564,0.0996820918179746
212,-0.013687571000712162,0.0996820918179746
213,-0.03681992570770298,0.0996820918179746
214,-0.018882667739070547,0.0996820918179746
215,-0.0074026820342846245,0.0996820918179746
216,-0.0007987414107375468,0.0996820918179746
217,-0.008862626322483358,0.0996820918179746
218,-0.010848499843874926,0.0996820918179746
219,-0.01561897150445124,0.0996820918179746
220,-0.006498432905446605,0.0996820918179746
221,-0.024523259813117315,0.0996820918179746
222,0.0096845294293737,0.0996820918179746
223,0.0072410555576325475,0.0996820918179746
224,-0.010524474893833236,0.0996820918179746
225,-0.002208158084461953,0.0996820918179746
226,0.024264234457085587,0.0996820918179746
227,-0.02690960105628526,0.0996820918179746
228,0.00713016845796921,0.0996820918179746
229,-0.014030227328090117,0.0996820918179746
230,-0.01065329125545611,0.0996820918179746
231,0.0055144166568985575,0.0996820918179746
232,-0.005924952393721039,0.0996820918179746
233,-0.0022219021364235925,0.0996820918179746
234,-0.025837449930691814,0.0996820918179746
235,-0.01668034769273985,0.0996820918179746
236,-0.007302383107073984,0.0996820918179746
237,-0.00867312616240723,0.0996820918179746
238,-0.006449017305396931,0.0996820918179746
239,-0.0031127736335913037,0.0996820918179746
240,0.00229508194096939,0.0996820918179746
241,-0.00031755210145389956,0.0996820918179746
242,-0.0031082530858254076,0.0996820918179746
243,-0.011311923135346347,0.0996820918179746
244,-0.02643008870356811,0.0996820918179746
245,-0.009268889273635561,0.0996820918179746
246,-0.005830668594659416,0.0996820918179746
247,-0.004785122839916056,0.0996820918179746
248,-0.02291414174370754,0.0996820918179746
249,-0.029993892423729074,0.0996820918179746
250,-0.014846163250637479,0.0996820918179746
251,-0.0036691939149831043,0.0996820918179746
252,-0.013018778200636238,0.0996820918179746
253,0.005848331497914194,0.0996820918179746
254,-0.06713349219050058,0.0996820918179746
255,-0.004625262873620084,0.0996820918179746
256,-0.02703965114864082,0.0996820918179746
257,0.002765938600274409,0.0996820918179746
258,0.03670886427320763,0.0996820918179746
259,0.007800822231757709,0.0996820918179746
260,-0.021677937924687418,0.0996820918179746
261,-0.013855609226795185,0.0996820918179746
262,-0.006269602626655324,0.0996820918179746
263,0.009885266704340201,0.0996820918179746
264,-0.005720572605188212,0.0996820918179746
265,-0.009603673818313063,0.0996820918179746
266,0.008932187534426261,0.0996820918179746
267,-0.018515611514906993,0.0996820918179746
268,-0.009008695700818414,0.0996820918179746
269,-0.006689774199553078,0.0996820918179746
270,0.002555978116935531,0.0996820918179746
271,-0.005077489942952762,0.0996820918179746
272,-0.002022280926311182,0.0996820918179746
273,-0.01034433638564336,0.0996820918179746
274,-0.0057309045597168096,0.0996820918179746
275,0.0022807112179835665,0.0996820918179746
276,-0.024112654274015988,0.0996820918179746
277,0.011281106554996811,0.0996820918179746
278,0.009942389454220213,0.0996820918179746
279,0.0017260624792012624,0.0996820918179746
280,-0.012700281962978122,0.0996820918179746
281,0.002351557987968711,0.0996820918179746
282,-0.009389584280858232,0.0996820918179746
283,-0.004807441372030596,0.0996820918179746
284,0.023549629522465754,0.0996820918179746
285,0.01065044146871963,0.0996820918179746
286,-0.017693233040255274,0.0996820918179746
287,-0.000468328540348395,0.0996820918179746
288,0.004295348970263513,0.0996820918179746
289,0.03605160339098257,0.0996820918179746
290,-0.0014572838670937616,0.0996820918179746
291,-0.013870217181260802,0.0996820918179746
292,0.004960381858619578,0.0996820918179746
293,-0.005227763842796995,0.0996820918179746
294,0.019110220478775197,0.0996820918179746
295,0.005948103074088773,0.0996820918179746
296,-0.005832961315002438,0.0996820918179746
297,-0.0044758748721016595,0.0996820918179746
298,-0.003355125561839256,0.0996820918179746
299,-0.0005935718287638503,0.0996820918179746
300,-0.0010402880892059763,0.0996820918179746
301,0.03352549847025332,0.0996820918179746
302,-0.005273144766812621,0.0996820918179746
303,0.003385092644814902,0.0996820918179746
304,-0.024684880692121047,0.0996820918179746
305,-0.0028672911331613093,0.0996820918179746
306,0.007614858878609354,0.0996820918179746
307,-0.006098433134787418,0.0996820918179746
308,-0.008347323911431337,0.0996820918179746
309,0.0015433424529561757,0.0996820918179746
310,0.01123948022573884,0.0996820918179746
311,0.02174089639154575,0.0996820918179746
312,-0.011294425359566707,0.0996820918179746
313,0.008282635619545786,0.0996820918179746
314,-0.019038033808077004,0.0996820918179746
315,0.0066936558366893495,0.0996820918179746
316,0.003965396985824765,0.0996820918179746
317,0.010910393525879969,0.0996820918179746
318,-0.005042207123739262,0.0996820918179746
319,0.0025675277885055525,0.0996820918179746
320,-0.026057630976325075,0.0996820918179746
321,-0.004505653399382026,0.0996820918179746
322,0.015172424658572825,0.0996820918179746
323,0.008656095760044336,0.0996820918179746
324,0.000797549686156418,0.0996820918179746
325,0.010343952291615555,0.0996820918179746
326,0.029819105259823453,0.0996820918179746
327,0.019153969905281842,0.0996820918179746
328,0.01964719523623404,0.0996820918179746
329,0.024158923819673106,0.0996820918179746
330,0.021338470478922233,0.0996820918179746
331,0.004767513984904048,0.0996820918179746
332,-0.009553649477313853,0.0996820918179746
333,-0.02160006375569501,0.0996820918179746
334,0.028752887617486067,0.0996820918179746
335,0.017881846118547817,0.0996820918179746
336,-0.005476069202268841,0.0996820918179746
337,-0.01753605866287511,0.0996820918179746
338,0.01874600729236975,0.0996820918179746
339,-0.00475781720866808,0.0996820918179746
340,-0.01255167208574881,0.0996820918179746
341,0.04185974516042468,0.0996820918179746
342,0.021230623915411306,0.0996820918179746
343,-0.036237241459940006,0.0996820918179746
344,0.00039064348310635655,0.0996820918179746
345,-0.009736985682672561,0.0996820918179746
346,-0.03654316875366059,0.0996820918179746
347,0.020433994287697654,0.0996820918179746
348,0.0032099574155718402,0.0996820918179746
349,-0.005110380242333679,0.0996820918179746
350,0.0069608840756238965,0.0996820918179746
351,-0.03093555300802564,0.0996820918179746
352,-0.009660912298776081,0.0996820918179746
353,0.015226619099151684,0.0996820918179746
354,0.025998137445434555,0.0996820918179746
355,0.009527329722049949,0.0996820918179746
356,-0.01709965318095541,0.0996820918179746
357,0.02242573937573422,0.0996820918179746
358,0.030329444119317484,0.0996820918179746
359,0.003848671481542998,0.0996820918179746
360,0.019591644912609674,0.0996820918179746
361,-0.004137081654310482,0.0996820918179746
362,-0.030994225472338655,0.0996820918179746
363,0.002866345438365836,0.0996820918179746
364,-0.028823698008210386,0.0996820918179746
365,0.01963148365345113,0.0996820918179746
366,0.0031534508796385863,0.0996820918179746
367,0.00031719760139936604,0.0996820918179746
368,-0.013098678391108898,0.0996820918179746
369,0.010864324024160155,0.0996820918179746
370,-0.005065592100001126,0.0996820918179746
371,0.005556264879900463,0.0996820918179746
372,-0.02203814536723947,0.0996820918179746
373,0.01842900702652328,0.0996820918179746
374,-0.0015397434056789727,0.0996820918179746
375,-0.013572374143922095,0.0996820918179746
376,-0.003085549297608625,0.0996820918179746
377,-0.0034468548161556978,0.0996820918179746
378,0.007792117685172961,0.0996820918179746
379,-0.00624609881809246,0.0996820918179746
380,-0.003819660328468588,0.0996820918179746
381,0.002405222400601148,0.0996820918179746
382,0.02227053783494326,0.0996820918179746
383,-0.004358231930074452,0.0996820918179746
384,-0.01157882690526002,0.0996820918179746
385,-0.005509435951407404,0.0996820918179746
386,0.012561357678295026,0.0996820918179746
387,0.005243974373885907,0.0996820918179746
388,-0.0015003326269991124,0.0996820918179746
389,-0.00022925704755183407,0.0996820918179746
390,0.003901782331933501,0.0996820918179746
391,-0.004132605755563845,0.0996820918179746
392,0.01195444659525613,0.0996820918179746
393,-0.0104041819553915,0.0996820918179746
394,0.001024471899560564,0.0996820918179746
395,0.006834398315243351,0.0996820918179746
396,0.023824454820066343,0.0996820918179746
397,-0.01402151860447054,0.0996820918179746
398,0.02987782496322322,0.0996820918179746
399,-0.023559560400652213,0.0996820918179746
400,-0.03737929411593477,0.0996820918179746
401,0.00029561260955757174,0.0996820918179746
402,-0.0018114620161904238,0.0996820918179746
403,0.02821745860976199,0.0996820918179746
404,-0.008690311810789164,0.0996820918179746
405,-0.0021379834109938045,0.0996820918179746
406,-0.0005990105194297879,0.0996820918179746
407,-0.014601108610755587,0.0996820918179746
408,0.006273929605648321,0.0996820918179746
409,0.015573826793837675,0.0996820918179746
410,-0.017755302035033727,0.0996820918179746
411,0.016146587473974572,0.0996820918179746
412,-0.0011411962176001156,0.0996820918179746
413,0.012382830062640293,0.0996820918179746
414,0.0018053293245954283,0.0996820918179746
415,-0.02521595001847543,0.0996820918179746
416,-0.001999874436206972,0.0996820918179746
417,0.012475190059973773,0.0996820918179746
418,0.0122789774278933,0.0996820918179746
419,-0.013832917034302561,0.0996820918179746
420,0.023372616252925082,0.0996820918179746
421,-0.010767183854669793,0.0996820918179746
422,-0.031901254034371385,0.0996820918179746
423,-0.025259085393935288,0.0996820918179746
424,-0.007800217155683797,0.0996820918179746
425,-0.03688423527891238,0.0996820918179746
426,0.00785381376051586,0.0996820918179746
427,-0.04154752902269543,0.0996820918179746
428,-0.018830536942357923,0.0996820918179746
429,-0.03683662464487858,0.0996820918179746
430,0.005598812172596612,0.0996820918179746
431,-0.03182192595143962,0.0996820918179746
432,-0.0005393479616981889,0.0996820918179746
433,0.0181884332237936,0.0996820918179746
434,0.010782713129215415,0.0996820918179746
435,0.018171172735344965,0.0996820918179746
436,0.025438885684900603,0.0996820918179746
437,-0.0007493664540696443,0.0996820918179746
438,0.018152620497186578,0.0996820918179746
439,-0.049662580611037455,0.0996820918179746
440,-0.046461186565733614,0.0996820918179746
441,0.023803810101024725,0.0996820918179746
442,-0.027749644607848345,0.0996820918179746
443,-0.022285882432601434,0.0996820918179746
444,0.01357939199753666,0.0996820918179746
445,0.002330210214279038,0.0996820918179746
446,0.0005467074244323022,0.0996820918179746
447,-0.0032085645308492783,0.0996820918179746
448,0.01879587654434023,0.0996820918179746
449,0.02571045020742202,0.0996820918179746
450,0.02006735480837174,0.0996820918179746
451,-0.010548667401440115,0.0996820918179746
452,0.008824969745470645,0.0996820918179746
453,-0.03360725074227355,0.0996820918179746
454,0.030168916666509227,0.0996820918179746
455,0.011412781874671207,0.0996820918179746
456,-0.022033093615558275,0.0996820918179746
457,-0.0059906492785601895,0.0996820918179746
458,0.002990513992527588,0.0996820918179746
459,0.016147920714279396,0.0996820918179746
460,-0.02235366462549193,0.0996820918179746
461,-0.05787924201519279,0.0996820918179746
462,0.02424155857125032,0.0996820918179746
463,0.012626781734347836,0.0996820918179746
464,-0.00913881183017351,0.0996820918179746
465,-0.0061061225793100915,0.0996820918179746
466,-0.0021774136680375866,0.0996820918179746
467,-0.030223945179198353,0.0996820918179746
468,-0.005827002655132585,0.0996820918179746
469,-0.03620613869037981,0.0996820918179746
470,0.013216802325456856,0.0996820918179746
471,-0.020587784106582685,0.0996820918179746
472,0.007395501625648393,0.0996820918179746
473,-0.006582678488796456,0.0996820918179746
474,0.017819427761434303,0.0996820918179746
475,-0.020884960520203277,0.0996820918179746
476,0.005810197906302106,0.0996820918179746
477,-0.0024734682105479466,0.0996820918179746
478,0.0019486408258674315,0.0996820918179746
479,0.0093755374930935,0.0996820918179746
480,-0.03252835424232425,0.0996820918179746
481,-0.007375462554669476,0.0996820918179746
482,-0.02358749038444541,0.0996820918179746
483,-0.00817701933056747,0.0996820918179746
484,0.006923666213752733,0.0996820918179746
485,-0.017186130371803388,0.0996820918179746
486,0.015408877644645158,0.0996820918179746
487,-0.03551583499030997,0.0996820918179746
488,-0.011110240666044935,0.0996820918179746
489,0.04875149764467879,0.0996820918179746
490,-0.01355425767646301,0.0996820918179746
491,0.00678914623418847,0.0996820918179746
492,0.01415105289254237,0.0996820918179746
493,0.013820147925000636,0.0996820918179746
494,-0.0015770683593077095,0.0996820918179746
495,0.02448286258126897,0.0996820918179746
496,-0.03458678527960335,0.0996820918179746
497,0.019603905538442934,0.0996820918179746
498,0.013522487725683652,0.0996820918179746
499,-1.8928390122519012e-05,0.0996820918179746
500,-0.005716142821537873,0.0996820918179746
501,-0.008062928916678258,0.0996820918179746
502,0.01796822186936964,0.0996820918179746
503,-0.012869540895987686,0.0996820918179746
504,0.0220413153525717,0.0996820918179746
505,0.008675935328309792,0.0996820918179746
506,0.015102042644309588,0.0996820918179746
507,-0.026335912198685696,0.0996820918179746
508,0.012220875240831819,0.0996820918179746
509,-0.007258921423537346,0.0996820918179746
510,0.0020071772266868626,0.0996820918179746
511,0.01108963772991467,0.0996820918179746
512,0.013919670988276955,0.0996820918179746
513,-0.008145251036695944,0.0996820918179746
514,0.004649922530527983,0.0996820918179746
515,0.011068266735942855,0.0996820918179746
516,-0.0013561916210976799,0.0996820918179746
517,0.003513201992416337,0.0996820918179746
518,0.0007514393514861384,0.0996820918179746
519,-0.013410185661160923,0.0996820918179746
520,-0.003094741100056808,0.0996820918179746
521,-0.03175125139222201,0.0996820918179746
522,6.660698976856949e-05,0.0996820918179746
523,-0.003519845484988071,0.0996820918179746
524,0.00031475226012256385,0.0996820918179746
525,0.046167990263987546,0.0996820918179746
526,0.01423410316649043,0.0996820918179746
527,-0.0017955034230040523,0.0996820918179746
528,0.03204742759203283,0.0996820918179746
529,0.034968412401026105,0.0996820918179746
530,-0.005496702219808802,0.0996820918179746
531,-0.008525742466533814,0.0996820918179746
532,-0.055635387366216316,0.0996820918179746
533,-0.005182604568352178,0.0996820918179746
534,0.040438678458062816,0.0996820918179746
535,-0.022971681521340437,0.0996820918179746
536,0.018191294418939297,0.0996820918179746
537,-0.011843713902490616,0.0996820918179746
538,0.0157286477586287,0.0996820918179746
539,0.021296173516474948,0.0996820918179746
540,-0.00403086900058669,0.0996820918179746
541,0.02672343278373912,0.0996820918179746
542,-0.01604140265064402,0.0996820918179746
543,0.011749508528243413,0.0996820918179746
544,0.0413606257252751,0.0996820918179746
545,0.02023418545895428,0.0996820918179746
546,0.02542642231886394,0.0996820918179746
547,0.0032135666913700733,0.0996820918179746
548,0.006630579050933227,0.0996820918179746
549,0.002351576936323152,0.0996820918179746
550,0.0031104166195118355,0.0996820918179746
551,0.0022186312913760053,0.0996820918179746
552,-0.0007421263006363032,0.0996820918179746
553,0.02428599614634419,0.0996820918179746
554,0.0016309128359894842,0.0996820918179746
555,0.014781599448952076,0.0996820918179746
556,-0.019205462308118038,0.0996820918179746
557,-0.00137730380617751,0.0996820918179746
558,0.007489896943578711,0.0996820918179746
559,-0.0018358785010386125,0.0996820918179746
560,0.030222363824094267,0.0996820918179746
561,-0.012295815051857506,0.0996820918179746
562,0.032602913178001125,0.0996820918179746
563,-0.0029072397359293234,0.0996820918179746
564,-0.010523339865066261,0.0996820918179746
565,-0.005435426109391628,0.0996820918179746
566,0.029710865060731284,0.0996820918179746
567,0.018996245520534027,0.0996820918179746
568,0.01740658742885015,0.0996820918179746
569,0.023232224994814477,0.0996820918179746
570,0.03428809852969383,0.0996820918179746
571,0.00028735764306841993,0.0996820918179746
572,-0.0123331845381216,0.0996820918179746
573,-0.028115245098513486,0.0996820918179746
574,-0.028837256755246177,0.0996820918179746
575,-0.003430495299920011,0.0996820918179746
576,-0.0023837111357052354,0.0996820918179746
577,0.02110865793012262,0.0996820918179746
578,0.020870197008333258,0.0996820918179746
579,0.028628389102363316,0.0996820918179746
580,0.010339835889112026,0.0996820918179746
581,0.012641515027723038,0.0996820918179746
582,-0.0039408077066009906,0.0996820918179746
583,-0.0004904142750363771,0.0996820918179746
584,-0.002263641272308159,0.0996820918179746
585,0.005426014547940561,0.0996820918179746
586,-0.020428101975591195,0.0996820918179746
587,0.008780745229382103,0.0996820918179746
588,0.02953259501663774,0.0996820918179746
589,0.012633697156113288,0.0996820918179746
590,0.005074847636061031,0.0996820918179746
591,-0.03332891754162304,0.0996820918179746
592,-0.021982776556745076,0.0996820918179746
593,0.010944074932840664,0.0996820918179746
594,0.01552907633375078,0.0996820918179746
595,0.006526071865659788,0.0996820918179746
596,-0.009715417425297024,0.0996820918179746
597,0.008184722164758407,0.0996820918179746
598,-0.01727753708051205,0.0996820918179746
599,-0.009758640955846443,0.0996820918179746
600,0.018877222579251063,0.0996820918179746
601,0.014853488197734244,0.0996820918179746
602,-0.002068474806541043,0.0996820918179746
603,0.01927533618629118,0.0996820918179746
604,-0.01401718377241501,0.0996820918179746
605,-0.008881566989838663,0.0996820918179746
606,0.03517314575626018,0.0996820918179746
607,0.014320451845043936,0.0996820918179746
608,-0.0038669850520516302,0.0996820918179746
609,-0.0264780681458755,0.0996820918179746
610,0.00983893373703948,0.0996820918179746
611,-0.020075401554779604,0.0996820918179746
612,-0.00729578935215347,0.0996820918179746
613,0.006860015296332955,0.0996820918179746
614,-0.015155530619562985,0.0996820918179746
615,0.010709449727705378,0.0996820918179746
616,-0.02005638735568882,0.0996820918179746
617,-0.015907694068055922,0.0996820918179746
618,0.009041288636118194,0.0996820918179746
619,0.011816413716819407,0.0996820918179746
620,0.014058636009862902,0.0996820918179746
621,-0.000741179289197702,0.0996820918179746
622,-0.0060391211407901935,0.0996820918179746
623,-0.019533508778054043,0.0996820918179746
624,-0.004222081879071138,0.0996820918179746
625,0.007437131062901892,0.0996820918179746
626,-0.022105601994853452,0.0996820918179746
627,-0.021119474074267952,0.0996820918179746
628,-0.009727071614391347,0.0996820918179746
629,0.004759442605854369,0.0996820918179746
630,0.016884643606664085,0.0996820918179746
631,-0.024088016399323453,0.0996820918179746
632,-0.0019217024217661471,0.0996820918179746
633,-0.02999887230360787,0.0996820918179746
634,0.016737101954889755,0.0996820918179746
635,-0.0006314028176682696,0.0996820918179746
636,-0.03107017000189949,0.0996820918179746
637,0.01095484948516956,0.0996820918179746
638,-0.004739919134278958,0.0996820918179746
639,-0.023943199598385756,0.0996820918179746
640,0.02309978108082722,0.0996820918179746
641,-0.014980306343953087,0.0996820918179746
642,-0.01574364510191595,0.0996820918179746
643,0.01744936070375014,0.0996820918179746
644,-0.015218365597077121,0.0996820918179746
645,-0.002513631223314161,0.0996820918179746
646,0.0014311372228218433,0.0996820918179746
647,0.0007703268939470709,0.0996820918179746
648,-0.014866275287401254,0.0996820918179746
649,-0.0176039513927706,0.0996820918179746
650,-0.014925354189131324,0.0996820918179746
651,0.018569082382050017,0.0996820918179746
652,0.0016147593963281581,0.0996820918179746
653,-0.021776094759293874,0.0996820918179746
654,-0.009985902885430109,0.0996820918179746
655,0.02831560447655712,0.0996820918179746
656,-0.0034002920898810185,0.0996820918179746
657,-0.022582366057335213,0.0996820918179746
658,0.0069369001369503636,0.0996820918179746
659,-8.124542729692763e-06,0.0996820918179746
660,-0.007094661932737778,0.0996820918179746
661,-0.001402734130835026,0.0996820918179746
662,-0.007780267058685841,0.0996820918179746
663,-0.02651342945354751,0.0996820918179746
664,-0.0034518048177005767,0.0996820918179746
665,-0.025410369619275563,0.0996820918179746
666,0.02472529372597032,0.0996820918179746
667,0.016083166113571856,0.0996820918179746
668,0.001706868496824332,0.0996820918179746
669,-0.026480955446273047,0.0996820918179746
670,0.007259960120511666,0.0996820918179746
671,-0.007683486429635233,0.0996820918179746
672,-0.00885304262916553,0.0996820918179746
673,0.010818748275923218,0.0996820918179746
674,-0.035604931985789734,0.0996820918179746
675,-0.0014114320481217746,0.0996820918179746
676,-0.010882892150892554,0.0996820918179746
677,0.01613191688373994,0.0996820918179746
678,-0.01174851099398655,0.0996820918179746
679,-0.005419273414464909,0.0996820918179746
680,-0.013382816454019286,0.0996820918179746
681,-0.017309437599373645,0.0996820918179746
682,0.012592489269174778,0.0996820918179746
683,-0.004743197345706385,0.0996820918179746
684,-0.008506016661768534,0.0996820918179746
685,-0.02141028516818133,0.0996820918179746
686,-0.005200949449607917,0.0996820918179746
687,-0.007260984699024586,0.0996820918179746
688,-0.015128038419091383,0.0996820918179746
689,-0.01450846766835856,0.0996820918179746
690,-0.0011593935280758139,0.0996820918179746
691,-0.0271920821803322,0.0996820918179746
692,-0.013363760990777962,0.0996820918179746
693,-0.021167081080412764,0.0996820918179746
694,-0.021920834423026503,0.0996820918179746
695,-0.01283202708763187,0.0996820918179746
696,-0.0072707451439376625,0.0996820918179746
697,0.003955906905038109,0.0996820918179746
698,0.00415388127278038,0.0996820918179746
699,-0.008078952640055537,0.0996820918179746
700,-0.01586196641807014,0.0996820918179746
701,0.0111268365746795,0.0996820918179746
702,0.019214740541489972,0.0996820918179746
703,0.02531932683806648,0.0996820918179746
704,0.000589993845093284,0.0996820918179746
705,0.010286758228303161,0.0996820918179746
706,0.007607622301815553,0.0996820918179746
707,-0.003296578582697496,0.0996820918179746
708,-0.025272488805990534,0.0996820918179746
709,0.016341930300911245,0.0996820918179746
710,-0.02347800127182642,0.0996820918179746
711,-0.005842806427288072,0.0996820918179746
712,-0.01298508120793962,0.0996820918179746
713,0.025259069715185323,0.0996820918179746
714,-0.018274008571374956,0.0996820918179746
715,-0.00888782854052006,0.0996820918179746
716,0.013058893319489062,0.0996820918179746
717,-0.006137124341444644,0.0996820918179746
718,0.008493803556630097,0.0996820918179746
719,0.004385507230925234,0.0996820918179746
720,0.002312312130923422,0.0996820918179746
721,-0.002637865275257334,0.0996820918179746
722,-0.0032412822949535736,0.0996820918179746
723,-0.001845447431977676,0.0996820918179746
724,0.0013364366537597094,0.0996820918179746
725,0.00020402019578569242,0.0996820918179746
726,0.0031348302010246742,0.0996820918179746
727,-0.009491692877417468,0.0996820918179746
728,-0.015716040198051062,0.0996820918179746
729,0.002664230080239416,0.0996820918179746
730,0.009044592469530266,0.0996820918179746
731,0.0005319574880747746,0.0996820918179746
732,0.017710582539871567,0.0996820918179746
733,-0.008361655575156557,0.0996820918179746
734,-0.007212862761001526,0.0996820918179746
735,0.014313033507581285,0.0996820918179746
736,0.01832424494742224,0.0996820918179746
737,0.01467535206522641,0.0996820918179746
738,0.01081827889606668,0.0996820918179746
739,0.01664689059233848,0.0996820918179746
740,0.033761501460415455,0.0996820918179746
741,0.011633357551662282,0.0996820918179746
742,0.0174242674925017,0.0996820918179746
743,0.020300492668029246,0.0996820918179746
744,0.028384272882130523,0.0996820918179746
745,0.02052745517355603,0.0996820918179746
746,0.009902988590784312,0.0996820918179746
747,0.004025567924439755,0.0996820918179746
748,0.012549190146551203,0.0996820918179746
749,-0.00920799393763505,0.0996820918179746
750,0.06758599117363429,0.0996820918179746
751,0.004947119731790295,0.0996820918179746
752,-0.01061612010756452,0.0996820918179746
753,0.00639211126240502,0.0996820918179746
754,-0.015737092229868188,0.0996820918179746
755,0.011462244619037665,0.0996820918179746
756,-0.012429978393824426,0.0996820918179746
757,-0.005716473460900984,0.0996820918179746
758,0.04509856743551666,0.0996820918179746
759,0.01604594164099915,0.0996820918179746
760,-0.007587138184492304,0.0996820918179746
761,0.004227809238254832,0.0996820918179746
762,0.027382555555750088,0.0996820918179746
763,0.00395916885551828,0.0996820918179746
764,-0.008658132212731262,0.0996820918179746
765,0.006128808818848253,0.0996820918179746
766,0.01205001446074816,0.0996820918179746
767,-0.002126211054369831,0.0996820918179746
768,0.01807053425737204,0.0996820918179746
769,0.005397042228664217,0.0996820918179746
770,-0.00997539283340343,0.0996820918179746
771,0.02253569514959375,0.0996820918179746
772,0.02555910790655691,0.0996820918179746
773,0.02853928698170738,0.0996820918179746
774,0.015943906503530614,0.0996820918179746
775,-0.0026089973051487414,0.0996820918179746
776,-0.0023412067829450267,0.0996820918179746
777,-0.008864662450412397,0.0996820918179746
778,-0.016103349157498226,0.0996820918179746
779,-0.004844768608204708,0.0996820918179746
780,-0.0005912154989108354,0.0996820918179746
781,-0.02036013946133486,0.0996820918179746
782,0.022436276636787822,0.0996820918179746
783,-0.06642835121940283,0.0996820918179746
784,-0.008935568588362086,0.0996820918179746
785,0.027343627805507587,0.0996820918179746
786,-0.007932842687160213,0.0996820918179746
787,0.023892537576707618,0.0996820918179746
788,0.014576367120358702,0.0996820918179746
789,-0.00022058758724086136,0.0996820918179746
790,0.03155105017150828,0.0996820918179746
791,-0.005944116835099655,0.0996820918179746
792,-0.008265112811888464,0.0996820918179746
793,-0.01576007790190803,0.0996820918179746
794,0.02178310624028612,0.0996820918179746
795,-0.011683292791527133,0.0996820918179746
796,-0.027240745413988687,0.0996820918179746
797,-0.01000055810774747,0.0996820918179746
798,-0.002194584529955912,0.0996820918179746
799,0.02686059897954074,0.0996820918179746
800,0.022178438551083368,0.0996820918179746
801,-0.003361356091306056,0.0996820918179746
802,-0.04373333391585221,0.0996820918179746
803,-0.006797739853457774,0.0996820918179746
804,-0.009937167839798255,0.0996820918179746
805,-0.013761737161434806,0.0996820918179746
806,-0.012664932142156915,0.0996820918179746
807,-0.025773578104709594,0.0996820918179746
808,-0.012747630943487298,0.0996820918179746
809,-0.02541246389239693,0.0996820918179746
810,-0.0032054572031244843,0.0996820918179746
811,0.001053509083690063,0.0996820918179746
812,-0.006370853308126034,0.0996820918179746
813,-0.005934787672352004,0.0996820918179746
814,0.028147832995120914,0.0996820918179746
815,-0.006968053757916093,0.0996820918179746
816,0.026982936876343788,0.0996820918179746
817,-0.0055562774846040774,0.0996820918179746
818,0.007725927383378628,0.0996820918179746
819,0.003840348736149246,0.0996820918179746
820,-0.015964527017312213,0.0996820918179746
821,0.008747787228248205,0.0996820918179746
822,-0.018917239687057497,0.0996820918179746
823,0.0045794234309164406,0.0996820918179746
824,0.012038168440788088,0.0996820918179746
825,-0.0018378574606409126,0.0996820918179746
826,0.023593288336431262,0.0996820918179746
827,-0.0016135402116302933,0.0996820918179746
828,-0.019711917868878825,0.0996820918179746
829,-0.0020477821732027834,0.0996820918179746
830,-0.0010147259128735486,0.0996820918179746
831,0.006216185426619725,0.0996820918179746
832,-0.022900753481881475,0.0996820918179746
833,0.002593619338409625,0.0996820918179746
834,-0.010894749524962166,0.0996820918179746
835,0.00047563891900381794,0.0996820918179746
836,0.0007726422191608462,0.0996820918179746
837,-0.02781159624360685,0.0996820918179746
838,0.010111089299672193,0.0996820918179746
839,0.004934200913802811,0.0996820918179746
840,-0.017345132091159066,0.0996820918179746
841,0.005059585641647879,0.0996820918179746
842,-0.005448772281816616,0.0996820918179746
843,0.007255652925583833,0.0996820918179746
844,0.00010542520860323812,0.0996820918179746
845,0.005168119497685142,0.0996820918179746
846,0.014204220661777955,0.0996820918179746
847,0.00934443533533269,0.0996820918179746
848,0.006667121792416908,0.0996820918179746
849,-0.007906133370886081,0.0996820918179746
850,0.02831660232909128,0.0996820918179746
851,0.006816259276450021,0.0996820918179746
852,-0.010292487785769855,0.0996820918179746
853,-0.007240752588098975,0.0996820918179746
854,-0.0080046084509795,0.0996820918179746
855,0.0011178565674616614,0.0996820918179746
856,0.004319360326023758,0.0996820918179746
857,0.004707277644572683,0.0996820918179746
858,0.02795112387001586,0.0996820918179746
859,-0.024438452688060552,0.0996820918179746
860,0.0020975344800646667,0.0996820918179746
861,-0.014582771059687638,0.0996820918179746
862,-0.0277309827314427,0.0996820918179746
863,0.052148881059342456,0.0996820918179746
864,-0.003365139451283694,0.0996820918179746
865,-0.025263530632052777,0.0996820918179746
866,0.013661874930809725,0.0996820918179746
867,0.01647902612551122,0.0996820918179746
868,0.0005203617935835014,0.0996820918179746
869,-0.02093047030159212,0.0996820918179746
870,-0.027703870060669766,0.0996820918179746
871,0.012591183531724504,0.0996820918179746
872,0.018654536816282596,0.0996820918179746
873,-0.013702800469478027,0.0996820918179746
874,-0.053285246686702314,0.0996820918179746
875,-0.013887254001766047,0.0996820918179746
876,-0.02151914441584135,0.0996820918179746
877,-0.014841674150246509,0.0996820918179746
878,-0.0321458913020678,0.0996820918179746
879,0.003800534899893959,0.0996820918179746
880,0.025650253671288592,0.0996820918179746
881,-0.008094522621062361,0.0996820918179746
882,0.009804432172462851,0.0996820918179746
883,0.004749449962867747,0.0996820918179746
884,-0.011276284245409829,0.0996820918179746
885,-0.013475826718513217,0.0996820918179746
886,-0.0055608251097802874,0.0996820918179746
887,0.014135278429260989,0.0996820918179746
888,0.010462802936753612,0.0996820918179746
889,2.032578917843253e-06,0.0996820918179746
890,0.011725640131038717,0.0996820918179746
891,0.027488614313092352,0.0996820918179746
892,0.013463144004964844,0.0996820918179746
893,-0.030039423891909278,0.0996820918179746
894,0.012116643696079232,0.0996820918179746
895,0.04369144989019258,0.0996820918179746
896,0.0033275846505729234,0.0996820918179746
897,0.027470159148595963,0.0996820918179746
898,0.007417552314632037,0.0996820918179746
899,-0.017299768729876708,0.0996820918179746
900,-0.01926775996615282,0.0996820918179746
901,-0.009690128740561743,0.0996820918179746
902,-0.00028819206490715565,0.0996820918179746
903,-0.008038044736874861,0.0996820918179746
904,0.03221556585344765,0.0996820918179746
905,0.012217360294595636,0.0996820918179746
906,0.022339050566391405,0.0996820918179746
907,0.011946864151969994,0.0996820918179746
908,0.02024225154724202,0.0996820918179746
909,0.028588898356168513,0.0996820918179746
910,0.017459467270659834,0.0996820918179746
911,0.022689799793500387,0.0996820918179746
912,0.0036914654008375347,0.0996820918179746
913,0.0029945209736969014,0.0996820918179746
914,0.007675181972007228,0.0996820918179746
915,0.000796034929967715,0.0996820918179746
916,0.020232972572769903,0.0996820918179746
917,0.011525330550659074,0.0996820918179746
918,-0.0015851288553057064,0.0996820918179746
919,0.00046366312137735566,0.0996820918179746
920,0.014954391882156637,0.0996820918179746
921,-0.014077897913470805,0.0996820918179746
922,0.05449220520646936,0.0996820918179746
923,-0.009922197627685647,0.0996820918179746
924,-0.01687262151351554,0.0996820918179746
925,0.01190454301123789,0.0996820918179746
926,-0.01879090252657145,0.0996820918179746
927,0.02260612682472185,0.0996820918179746
928,0.02248542418570476,0.0996820918179746
929,0.029144491638298242,0.0996820918179746
930,-0.012513347389936702,0.0996820918179746
931,-0.02899232033907384,0.0996820918179746
932,0.010903110485342982,0.0996820918179746
933,0.02848100400938358,0.0996820918179746
934,-0.003629739473344773,0.0996820918179746
935,-0.02167992708046651,0.0996820918179746
936,0.023087774932996852,0.0996820918179746
937,0.004427951881834313,0.0996820918179746
938,0.04064746434713962,0.0996820918179746
939,0.020789084809604286,0.0996820918179746
940,0.0028053124174532984,0.0996820918179746
941,-0.009840518344550242,0.0996820918179746
942,0.007140008090644412,0.0996820918179746
943,-0.039085085706903944,0.0996820918179746
944,0.017292502508354346,0.0996820918179746
945,0.01091406336181433,0.0996820918179746
946,0.01429208915463176,0.0996820918179746
947,0.0004805578658326759,0.0996820918179746
948,0.006416270533322388,0.0996820918179746
949,0.07167409599043129,0.0996820918179746
950,-0.006292145756451872,0.0996820918179746
951,0.040021344403511794,0.0996820918179746
952,-0.002724404350105236,0.0996820918179746
953,0.026704802099157265,0.0996820918179746
954,0.006837418260533523,0.0996820918179746
955,-0.006369320064170014,0.0996820918179746
956,0.005805816900881888,0.0996820918179746
957,0.007403952922082069,0.0996820918179746
958,0.00297693713404823,0.0996820918179746
959,-0.008807922413894609,0.0996820918179746
960,-0.005618988973136285,0.0996820918179746
961,-0.01927438174049456,0.0996820918179746
962,0.003371123258052666,0.0996820918179746
963,0.0008729052922589187,0.0996820918179746
964,0.041546849425279975,0.0996820918179746
965,-0.008622663597597335,0.0996820918179746
966,0.011407998425429278,0.0996820918179746
967,-0.007540651033474677,0.0996820918179746
968,0.007292738326404424,0.0996820918179746
969,0.002983622868775182,0.0996820918179746
970,0.005023625895372419,0.0996820918179746
971,0.015097834571298652,0.0996820918179746
972,-0.03150387367925711,0.0996820918179746
973,-0.0009936010992251942,0.0996820918179746
974,-0.008838714585035934,0.0996820918179746
975,0.010441836593155673,0.0996820918179746
976,0.004392266986961935,0.0996820918179746
977,-0.011177551180429623,0.0996820918179746
978,-0.0035552086841303954,0.0996820918179746
979,-0.008882232474822893,0.0996820918179746
980,-0.029630678965416157,0.0996820918179746
981,-0.0004833309977296807,0.0996820918179746
982,-0.02046253501756512,0.0996820918179746
983,0.02835822965314494,0.0996820918179746
984,-0.02669254119472686,0.0996820918179746
985,0.03302622899682728,0.0996820918179746
986,-0.003018428392442929,0.0996820918179746
987,0.00012717548274410184,0.0996820918179746
988,-0.005993038715521926,0.0996820918179746
989,-0.03889413161811661,0.0996820918179746
990,0.0339594615517973,0.0996820918179746
991,0.02054851524081147,0.0996820918179746
992,0.03297957880502056,0.0996820918179746
993,-0.03160342425009122,0.0996820918179746
994,-0.02460023474453099,0.0996820918179746
995,0.05409806358316882,0.0996820918179746
996,0.03643728761850029,0.0996820918179746
997,-0.0006793490253280687,0.0996820918179746
998,-0.005262845513497982,0.0996820918179746
999,-0.001501063800306568,0.0996820918179746
1000,0.021114606269902247,0.0996820918179746
1001,0.024755371420698946,0.0996820918179746
1002,-0.008564313148245795,0.0996820918179746
1003,0.016134822533247828,0.0996820918179746
1004,0.007785380749566473,0.0996820918179746
1005,0.02608658598219149,0.0996820918179746
1006,-0.02294997589271841,0.0996820918179746
1007,-0.008563273785959336,0.0996820918179746
1008,0.02592021539453393,0.0996820918179746
1009,0.0008134218319603148,0.0996820918179746
1010,-0.018618200024525744,0.0996820918179746
1011,-0.0017136850339624088,0.0996820918179746
1012,0.0026494279631443796,0.0996820918179746
1013,0.015698941988549153,0.0996820918179746
1014,0.005973492237459577,0.0996820918179746
1015,-0.03425444410477596,0.0996820918179746
1016,0.020571008444786876,0.0996820918179746
1017,0.01690190870788011,0.0996820918179746
1018,0.020595262053757057,0.0996820918179746
1019,-0.03487223013202145,0.0996820918179746
1020,0.007933047428865359,0.0996820918179746
1021,0.004182574256241245,0.0996820918179746
1022,0.021184147536415843,0.0996820918179746
1023,-0.005223906012847834,0.0996820918179746
1024,0.018011567680708995,0.0996820918179746
1025,-0.020714700637607608,0.0996820918179746
1026,-0.003010560884667779,0.0996820918179746
1027,-0.029516827441519955,0.0996820918179746
1028,-0.015943720722306765,0.0996820918179746
1029,0.01717976499528384,0.0996820918179746
1030,0.01961384400286903,0.0996820918179746
1031,0.010191194800413084,0.0996820918179746
1032,0.008403346801710176,0.0996820918179746
1033,-0.030404516906056056,0.0996820918179746
1034,-0.014741159564188533,0.0996820918179746
1035,0.02803814507854474,0.0996820918179746
1036,-0.023935683494753834,0.0996820918179746
1037,0.013649923756704152,0.0996820918179746
1038,-0.01122825240257952,0.0996820918179746
1039,0.017590657812129096,0.0996820918179746
1040,0.027578830172276803,0.0996820918179746
1041,-0.02207507435946976,0.0996820918179746
1042,-0.0020290142091166086,0.0996820918179746
1043,-0.01175989745845385,0.0996820918179746
1044,0.02456737955333743,0.0996820918179746
1045,-0.009892883641827832,0.0996820918179746
1046,0.01996566951960843,0.0996820918179746
1047,0.013063022917318756,0.0996820918179746
1048,-0.0027944673434793232,0.0996820918179746
1049,-0.009832898854717054,0.0996820918179746
1050,-0.014275591106808427,0.0996820918179746
1051,-0.016847131958200756,0.0996820918179746
1052,-0.0004081927248307249,0.0996820918179746
1053,-0.03998001515657901,0.0996820918179746
1054,-0.004611475472482973,0.0996820918179746
1055,-0.03276806383051578,0.0996820918179746
1056,-0.0007244922036633294,0.0996820918179746
1057,-0.025669908904033978,0.0996820918179746
1058,-0.013519459782850407,0.0996820918179746
1059,-0.026812260961350254,0.0996820918179746
1060,-0.01929929409181419,0.0996820918179746
1061,0.002663878785516882,0.0996820918179746
1062,0.02033912040390451,0.0996820918179746
1063,0.02101027642957287,0.0996820918179746
1064,0.007195037083055245,0.0996820918179746
1065,0.0009155069552310158,0.0996820918179746
1066,-0.04050493992471427,0.0996820918179746
1067,-0.02748889044939129,0.0996820918179746
1068,0.007152740435300342,0.0996820918179746
1069,-0.023811779343859363,0.0996820918179746
1070,-0.023393127745506614,0.0996820918179746
1071,-0.013968857405341262,0.0996820918179746
1072,0.047825374669684395,0.0996820918179746
1073,0.013038711220944244,0.0996820918179746
1074,-0.009711180974267153,0.0996820918179746
1075,5.130109897100166e-05,0.0996820918179746
1076,-0.009531155008410397,0.0996820918179746
1077,0.020544300820348083,0.0996820918179746
1078,0.026689800300475186,0.0996820918179746
1079,-0.027783473715439877,0.0996820918179746
1080,0.009011547187983249,0.0996820918179746
1081,-0.04299375335897371,0.0996820918179746
1082,-0.016809841107902512,0.0996820918179746
1083,-0.0005476600651390662,0.0996820918179746
1084,-0.003695663196150778,0.0996820918179746
1085,0.04047687832506752,0.0996820918179746
1086,0.011036901695423484,0.0996820918179746
1087,-0.015853296846960685,0.0996820918179746
1088,-0.00015917898233575034,0.0996820918179746
1089,0.001081807062495832,0.0996820918179746
1090,-0.0021700933618982177,0.0996820918179746
1091,0.014995497698909621,0.0996820918179746
1092,-0.02176027067160391,0.0996820918179746
1093,-0.005846820690441956,0.0996820918179746
1094,-0.006106178659426309,0.0996820918179746
1095,-0.01897482375713666,0.0996820918179746
1096,0.0063016933090006555,0.0996820918179746
1097,-0.02503793247022401,0.0996820918179746
1098,0.0005484251666737494,0.0996820918179746
1099,-0.010664405200615956,0.0996820918179746
1100,0.010918519372552171,0.0996820918179746
1101,-0.0031473412108485865,0.0996820918179746
1102,0.004918822177165771,0.0996820918179746
1103,0.00544186598841967,0.0996820918179746
1104,-0.022549892132860294,0.0996820918179746
1105,0.022302260059833046,0.0996820918179746
1106,0.05858350027252224,0.0996820918179746
1107,0.032233003609671074,0.0996820918179746
1108,0.004383880751785751,0.0996820918179746
1109,0.04930464437957771,0.0996820918179746
1110,0.037992774433387,0.0996820918179746
1111,0.008640456244472072,0.0996820918179746
1112,0.006828135166225935,0.0996820918179746
1113,0.008039462508497186,0.0996820918179746
1114,0.007124847715693883,0.0996820918179746
1115,-0.002703638900750094,0.0996820918179746
1116,0.022573497407835874,0.0996820918179746
1117,-0.0009637154548328697,0.0996820918179746
1118,0.04259694328367436,0.0996820918179746
1119,0.014090394796559047,0.0996820918179746
1120,0.0005584432994092392,0.0996820918179746
1121,-0.02037703475373387,0.0996820918179746
1122,0.008976386902300737,0.0996820918179746
1123,0.010515780289386933,0.0996820918179746
1124,-0.0011850109646670548,0.0996820918179746
1125,0.011244582703437755,0.0996820918179746
1126,-5.078601901620239e-05,0.0996820918179746
1127,0.014335575817234991,0.0996820918179746
1128,0.039722877206906815,0.0996820918179746
1129,-0.011226526557052807,0.0996820918179746
1130,-0.01613550360890581,0.0996820918179746
1131,0.0006223605108515162,0.0996820918179746
1132,0.014678772131616946,0.0996820918179746
1133,0.011872003171953915,0.0996820918179746
1134,0.002421823363862874,0.0996820918179746
1135,0.08375489781881229,0.0996820918179746
1136,0.04035953662613212,0.0996820918179746
1137,-0.010655595092077363,0.0996820918179746
1138,0.06162062331021678,0.0996820918179746
1139,0.020397981813503496,0.0996820918179746
1140,0.03018335822160456,0.0996820918179746
1141,-0.02430187885637569,0.0996820918179746
1142,-0.0007935372146685715,0.0996820918179746
1143,0.023354573177822857,0.0996820918179746
1144,0.010676491730918669,0.0996820918179746
1145,-0.028097042775542702,0.0996820918179746
1146,0.01625571662284553,0.0996820918179746
1147,0.010166621815206334,0.0996820918179746
1148,-0.005930439989990766,0.0996820918179746
1149,0.08219194016209996,0.0996820918179746
1150,0.018801876632311476,0.0996820918179746
1151,0.06213321424310181,0.0996820918179746
1152,0.07781937960870344,0.0996820918179746
1153,0.04023166728272398,0.0996820918179746
1154,0.04115918266953156,0.0996820918179746
1155,0.036131019408360276,0.0996820918179746
1156,0.022804809224292844,0.0996820918179746
1157,0.030103408278712718,0.0996820918179746
1158,0.057211400342125796,0.0996820918179746
1159,0.027668346377965336,0.0996820918179746
1160,0.006821488815251908,0.0996820918179746
1161,0.009395792613496323,0.0996820918179746
1162,0.021902660741883073,0.0996820918179746
1163,0.0022798012707894166,0.0996820918179746
1164,0.030342309252896382,0.0996820918179746
1165,0.012273398530426083,0.0996820918179746
1166,0.01449989703043919,0.0996820918179746
1167,0.019429913101611462,0.0996820918179746
1168,0.020722409353167826,0.0996820918179746
1169,0.03342268830996942,0.0996820918179746
1170,0.027080617394317996,0.0996820918179746
1171,0.03196901011674713,0.0996820918179746
1172,-0.00011058375792694086,0.0996820918179746
1173,0.03246170699845585,0.0996820918179746
1174,0.010018245418045635,0.0996820918179746
1175,0.03297552886422406,0.0996820918179746
1176,0.03478361242939776,0.0996820918179746
1177,0.007712999270984677,0.0996820918179746
1178,-0.001427256226558371,0.0996820918179746
1179,0.012084891700086087,0.0996820918179746
1180,0.026406093201724268,0.0996820918179746
1181,-0.007541091937244948,0.0996820918179746
1182,0.009629157443442504,0.0996820918179746
1183,-0.00710269575135658,0.0996820918179746
1184,-0.021813405085403414,0.0996820918179746
1185,-0.01615949736972322,0.0996820918179746
1186,-0.006912366654046598,0.0996820918179746
1187,-0.0265035429188899,0.0996820918179746
1188,-0.01474321686928648,0.0996820918179746
1189,0.01358355935026323,0.0996820918179746
1190,0.014772067049662607,0.0996820918179746
1191,0.02963270253645567,0.0996820918179746
1192,0.0010791058528478725,0.0996820918179746
1193,0.03209405121745923,0.0996820918179746
1194,0.009905371841748778,0.0996820918179746
1195,-0.022761103935084792,0.0996820918179746
1196,0.006901869599344357,0.0996820918179746
1197,0.019319399935615045,0.0996820918179746
1198,-0.012114093803487935,0.0996820918179746
1199,0.004325186177742024,0.0996820918179746
1200,-0.013521491567798805,0.0996820918179746
1201,-0.03088230923809654,0.0996820918179746
1202,0.0042963548571506305,0.0996820918179746
1203,0.016206889393107216,0.0996820918179746
1204,-0.015757574225828463,0.0996820918179746
1205,-0.00928376598711067,0.0996820918179746
1206,-0.005031278582655285,0.0996820918179746
1207,-0.006984017414712995,0.0996820918179746
1208,-0.007444780195554057,0.0996820918179746
1209,0.025330914031905016,0.0996820918179746
1210,0.0515804139770355,0.0996820918179746
1211,0.0068414418853343095,0.0996820918179746
1212,-0.039719151444915335,0.0996820918179746
1213,0.02091809869388983,0.0996820918179746
1214,-0.012979049861290615,0.0996820918179746
1215,0.007743894216950764,0.0996820918179746
1216,0.019127552244429302,0.0996820918179746
1217,-0.003453999200279556,0.0996820918179746
1218,-0.009710523694502426,0.0996820918179746
1219,0.02741422277361938,0.0996820918179746
1220,-0.014006830440102758,0.0996820918179746
1221,0.008890205969812826,0.0996820918179746
1222,0.002026620082088426,0.0996820918179746
1223,-0.004312768046143445,0.0996820918179746
1224,-0.012120441896422807,0.0996820918179746
1225,-0.01525227724029743,0.0996820918179746
1226,-0.015723206398264522,0.0996820918179746
1227,0.040057585309581145,0.0996820918179746
1228,0.06545919558085422,0.0996820918179746
1229,-0.0058259730409502275,0.0996820918179746
1230,-0.029562334513463462,0.0996820918179746
1231,-0.013322606178487129,0.0996820918179746
1232,0.003474649598175561,0.0996820918179746
1233,0.02263803990080393,0.0996820918179746
1234,-0.0334950178237402,0.0996820918179746
1235,-0.00010776782290256026,0.0996820918179746
1236,0.022473139031931155,0.0996820918179746
1237,-0.01774675948438631,0.0996820918179746
1238,0.03341682306603899,0.0996820918179746
1239,0.0012037691685508056,0.0996820918179746
1240,0.008716035182288806,0.0996820918179746
1241,-0.010187249023119849,0.0996820918179746
1242,-0.010771833306431167,0.0996820918179746
1243,-0.01812913055688503,0.0996820918179746
1244,0.006090702940321213,0.0996820918179746
1245,-0.01872649301933449,0.0996820918179746
1246,-0.018023210907795573,0.0996820918179746
1247,-0.013749020900816644,0.0996820918179746
1248,-0.006132573563546795,0.0996820918179746
1249,-0.004306700932419583,0.0996820918179746
1250,-0.011623912267203385,0.0996820918179746
1251,-0.014952593046911211,0.0996820918179746
1252,-0.020643052763936076,0.0996820918179746
1253,-0.02453123524089973,0.0996820918179746
1254,-0.010753363487422285,0.0996820918179746
1255,-0.026868055722478745,0.0996820918179746
1256,0.015390088224723986,0.0996820918179746
